t,q1,q2,q1dot,q2dot,x,y
0.0,0.4886921905584123,-0.8482300164692442,0.0,0.0,0.6816097548660884,0.08036662909971314
0.0027227227227227223,0.48869444503736514,-0.8482264722186114,0.0016554944699178214,0.0026025913061963894,0.6816099876840223,0.08036926722905016
0.0054454454454454446,0.4887012024522432,-0.8482158489338263,0.003307671315647431,0.005199966998552706,0.681610685442047,0.08037717458783092
0.008168168168168167,0.4887124537700757,-0.8481981608155594,0.004956530537188829,0.00779212707706895,0.6816118469862242,0.08039034065835983
0.010890890890890889,0.4887281899578919,-0.848173422064481,0.006602072134542013,0.01037907154174512,0.6816134710163713,0.08040875495761095
0.013613613613613611,0.488748401982721,-0.8481416468812613,0.008244296107706986,0.012960800392581219,0.6816155560870384,0.08043240703697517
0.016336336336336334,0.48877308081159226,-0.8481028494665706,0.009883202456683747,0.015537313629577243,0.6816181006084834,0.08046128648200081
0.019059059059059056,0.4888022174115349,-0.8480570440210794,0.011518791181472294,0.018108611252733192,0.6816211028476398,0.08049538291212699
0.021781781781781778,0.4888358027495782,-0.8480042447454579,0.013151062282072632,0.02067469326204907,0.6816245609290835,0.0805346859804108
0.0245045045045045,0.48887382779275135,-0.8479444658403763,0.01478001575848476,0.023235559657524885,0.6816284728359927,0.08057918537324682
0.027227227227227223,0.4889162835080836,-0.8478777215065052,0.01640565161070867,0.025791210439160613,0.6816328364111048,0.08062887081008092
0.029949949949949945,0.48896316086260416,-0.8478040259445146,0.01802796983874437,0.02834164560695627,0.6816376493576695,0.08068373204311736
0.03267267267267267,0.48901445082334233,-0.8477233933550751,0.01964697044259186,0.03088686516091186,0.681642909240396,0.08074375885701911
0.03539539539539539,0.4890701443573273,-0.8476358379388569,0.02126265342225114,0.03342686910102738,0.6816486134863993,0.08080894106860245
0.03811811811811811,0.4891302324315884,-0.8475413738965302,0.0228750187777222,0.03596165742730281,0.6816547593861384,0.08087926852652516
0.04084084084084083,0.48919470601315473,-0.8474400154287655,0.02448406650900505,0.03849123013973818,0.6816613440943544,0.08095473111096846
0.043563563563563557,0.4892635560690556,-0.8473317767362329,0.026089796616099694,0.04101558723833348,0.6816683646310018,0.08103531873331327
0.04628628628628628,0.4893367735663202,-0.8472166720196029,0.02769220909900612,0.0435347287230887,0.6816758178821771,0.08112102133581053
0.049009009009009,0.4894143494719778,-0.8470947154795458,0.02929130395772434,0.046048654594003854,0.6816837006010439,0.0812118288912456
0.05173173173173172,0.4894962747530577,-0.8469659213167319,0.030887081192254338,0.04855736485107892,0.6816920094087529,0.08130773140259716
0.054454454454454446,0.48958254037658905,-0.8468303037318314,0.03247954080259614,0.05106085949431393,0.681700740795359,0.08140871890269032
0.05717717717717717,0.4896731373096011,-0.8466878769255148,0.034068682788749714,0.05355913852370886,0.6817098911207347,0.08151478145384446
0.05989989989989989,0.4897680565191231,-0.8465386550984524,0.03565450715071509,0.056052201939263725,0.6817194566154787,0.08162590914751572
0.06262262262262261,0.4898672889721843,-0.8463826524513143,0.037237013888492244,0.05854004974097851,0.6817294333818231,0.08174209210393388
0.06534534534534533,0.48997082563581396,-0.8462198831847709,0.03881620300208118,0.061022681928853226,0.6817398173945335,0.08186332047173427
0.06806806806806806,0.4900786574770412,-0.8460503614994928,0.04039207449148192,0.06350009850288786,0.6817506045018091,0.08198958442758454
0.07079079079079079,0.4901907754628954,-0.8458741015961498,0.041964628356694435,0.06597229946308242,0.6817617904261764,0.08212087417580664
0.0735135135135135,0.49030717056040574,-0.8456911176754127,0.04353386459771874,0.06843928480943691,0.6817733707653814,0.08225717994799325
0.07623623623623622,0.4904278337366014,-0.8455014239379515,0.04509978321455484,0.07090105454195132,0.6817853409932769,0.0823984920026202
0.07895895895895895,0.4905527559585118,-0.8453050345844367,0.04666238420720272,0.07335760866062568,0.6817976964607071,0.08254480062465336
0.08168168168168166,0.4906819281931659,-0.8451019638155385,0.04822166757566239,0.07580894716545995,0.6818104323963889,0.08269609612515164
0.08440440440440439,0.4908153414075932,-0.8448922258319272,0.049777633319933845,0.07825507005645416,0.6818235439077889,0.0828523688408647
0.08712712712712711,0.49095298656882275,-0.8446758348342733,0.0513302814400171,0.0806959773336083,0.6818370259819984,0.08301360913382687
0.08984984984984984,0.4910948546438839,-0.844452805023247,0.052879611935912126,0.08313166899692233,0.681850873486604,0.0831798073909461
0.09257257257257256,0.49124093659980583,-0.8442231505995186,0.05442562480761896,0.08556214504639632,0.6818650811705554,0.08335095402358915
0.09529529529529528,0.4913912234036178,-0.8439868857637584,0.05596832005513756,0.08798740548203023,0.681879643665031,0.083527039467162
0.098018018018018,0.49154570602234904,-0.8437440247166367,0.057507697678467966,0.09040745030382408,0.6818945554842973,0.08370805418068676
0.10074074074074073,0.4917043754230288,-0.8434945816588238,0.05904375767761015,0.09282227951177785,0.68190981102657,0.08389398864637401
0.10346346346346344,0.49186722257268634,-0.8432385707909902,0.06057650005256412,0.0952318931058915,0.6819254045748664,0.08408483336919156
0.10618618618618617,0.4920342384383508,-0.842976006313806,0.06210592480332989,0.09763629108616513,0.6819413302978603,0.08428057887642919
0.10890890890890889,0.49220541398705153,-0.8427069024279416,0.06363203192990745,0.1000354734525987,0.6819575822507293,0.08448121571725961
0.11163163163163162,0.49238074018581773,-0.8424312733340673,0.06515482143229678,0.10242944020519218,0.6819741543760022,0.08468673446229574
0.11435435435435434,0.4925602080016786,-0.8421491332328535,0.0666742933104979,0.10481819134394556,0.681991040504402,0.08489712570314441
0.11707707707707705,0.49274380840166343,-0.8418604963249704,0.06819044756451081,0.10720172686885887,0.6820082343556868,0.08511238005195651
0.11979979979979978,0.4929315323528014,-0.8415653768110883,0.06970328419433551,0.10958004677993213,0.6820257295394869,0.08533248814097383
0.1225225225225225,0.4931233708221218,-0.8412637888918777,0.07121280319997202,0.11195315107716532,0.682043519556141,0.08555744062207216
0.12524524524524522,0.49331931477665386,-0.8409557467680087,0.07271900458142029,0.11432103976055842,0.6820615977975268,0.08578722816630154
0.12796796796796794,0.49351935518342677,-0.8406412646401517,0.07422188833868035,0.11668371283011145,0.6820799575478921,0.086021841463423
0.13069069069069067,0.49372348300946983,-0.8403203567089771,0.07572145447175221,0.11904117028582442,0.6820985919846804,0.08626127122144245
0.1334134134134134,0.49393168922181224,-0.839993037175155,0.07721770298063585,0.1213934121276973,0.6821174941793562,0.08650550816614115
0.13613613613613612,0.49414396478748324,-0.839659320239356,0.0787106338653313,0.12374043835573013,0.6821366570982261,0.08675454304060379
0.13885885885885885,0.49436030067351205,-0.8393192201022501,0.08020024712583851,0.12608224896992287,0.6821560736032584,0.08700836660474283
0.14158158158158157,0.494580687846928,-0.838972750964508,0.08168654276215752,0.12841884397027556,0.6821757364528993,0.08726696963482108
0.14430430430430427,0.4948051172747602,-0.8386199270267997,0.08316952077428828,0.13075022335678813,0.6821956383028873,0.08753034292297059
0.147027027027027,0.49503357992403796,-0.8382607624897955,0.08464918116223089,0.13307638712946065,0.6822157717070656,0.08779847727670952
0.14974974974974972,0.49526606676179047,-0.837895271554166,0.08612552392598526,0.13539733528829312,0.6822361291181908,0.08807136351845601
0.15247247247247245,0.49550256875504706,-0.8375234684205812,0.08759854906555141,0.1377130678332855,0.6822567028887405,0.08834899248504019
0.15519519519519517,0.49574307687083685,-0.8371453672897117,0.08906825658092936,0.1400235847644378,0.6822774852717184,0.08863135502721271
0.1579179179179179,0.4959875820761892,-0.8367609823622275,0.09053464647211909,0.14232888608175004,0.6822984684214559,0.08891844200915207
0.16064064064064063,0.49623607533813324,-0.8363703278387992,0.0919977187391206,0.14462897178522222,0.6823196443944142,0.08921024430796867
0.16336336336336332,0.49648854762369826,-0.835973417920097,0.09345747338193391,0.14692384187485427,0.6823410051499805,0.08950675281320755
0.16608608608608605,0.49674498989991345,-0.8355702668067913,0.09491391040055902,0.1492134963506463,0.6823625425512663,0.08980795842634841
0.16880880880880877,0.49700539313380815,-0.8351608886995522,0.09636702979499591,0.15149793521259824,0.6823842483659002,0.09011385206030359
0.1715315315315315,0.4972697482924115,-0.8347452977990502,0.09781683156524457,0.15377715846071008,0.6824061142668194,0.0904244246389144
0.17425425425425423,0.4975380463427527,-0.8343235083059555,0.09926331571130505,0.15605116609498193,0.6824281318330618,0.09073966709644517
0.17697697697697695,0.49781027825186114,-0.8338955344209386,0.10070648223317727,0.1583199581154136,0.6824502925505518,0.0910595703770759
0.17969969969969968,0.49808643498676597,-0.8334613903446696,0.10214633113086131,0.16058353452200527,0.6824725878128879,0.09138412543439266
0.1824224224224224,0.4983665075144964,-0.8330210902778189,0.10358286240435717,0.16284189531475687,0.6824950089221262,0.09171332323087651
0.18514514514514513,0.49865048680208174,-0.8325746484210569,0.10501607605366478,0.16509504049366835,0.6825175470895632,0.09204715473739095
0.18786786786786783,0.49893836381655116,-0.8321220789750539,0.10644597207878417,0.16734297005873977,0.6825401934365165,0.09238561093266744
0.19059059059059055,0.4992301295249339,-0.83166339614048,0.10787255047971535,0.16958568400997112,0.6825629389951031,0.09272868280278991
0.19331331331331328,0.49952577489425926,-0.8311986141180058,0.10929581125645832,0.1718231823473624,0.6825857747090172,0.09307636134067739
0.196036036036036,0.4998252908915564,-0.8307277471083014,0.1107157544090131,0.17405546507091363,0.6826086914343048,0.0934286375455654
0.19875875875875873,0.5001286684838546,-0.8302508093120372,0.11213237993737965,0.17628253218062476,0.6826316799401382,0.09378550242248637
0.20148148148148146,0.500435898638183,-0.8297678149298836,0.11354568784155797,0.17850438367649585,0.6826547309095881,0.09414694698174847
0.20420420420420418,0.5007469723215712,-0.8292787781625108,0.11495567812154812,0.18072101955852685,0.6826778349403935,0.09451296223841359
0.20692692692692688,0.5010618805010479,-0.8287837132105891,0.11636235077735002,0.18293243982671772,0.6827009825457313,0.0948835392117738
0.2096496496496496,0.5013806141436428,-0.828282634274789,0.11776570580896374,0.18513864448106862,0.6827241641549837,0.09525866892482722
0.21237237237237233,0.5017031642163847,-0.8277755555557805,0.11916574321638922,0.18733963352157937,0.6827473701145044,0.09563834240375299
0.21509509509509506,0.5020295216863033,-0.8272624912542342,0.12056246299962649,0.18953540694825005,0.6827705906883825,0.09602255067738501
0.21781781781781778,0.5023596775204275,-0.8267434555708203,0.1219558651586756,0.1917259647610807,0.6827938160592067,0.09641128477668479
0.2205405405405405,0.5026936226857867,-0.8262184627062091,0.12334594969353643,0.19391130696007128,0.6828170363288266,0.09680453573421413
0.22326326326326323,0.5030313481494101,-0.8256875268610709,0.12473271660420908,0.19609143354522174,0.6828402415191133,0.0972022945836068
0.22598598598598596,0.5033728448783269,-0.8251506622360761,0.1261161658906935,0.19826634451653216,0.6828634215727181,0.09760455235903902
0.22870870870870869,0.5037181038395663,-0.824607883031895,0.12749629755298972,0.20043603987400246,0.6828865663538319,0.09801130009470053
0.23143143143143138,0.5040671160001577,-0.8240592034491979,0.12887311159109774,0.20260051961763273,0.6829096656489405,0.09842252882426443
0.2341541541541541,0.5044198723271301,-0.8235046376886551,0.13024660800501753,0.20475978374742293,0.6829327091675809,0.09883822958035607
0.23687687687687684,0.5047763637875131,-0.8229441999509369,0.1316167867947491,0.20691383226337307,0.6829556865430955,0.09925839339402344
0.23959959959959956,0.5051365813483356,-0.8223779044367137,0.13298364796029247,0.2090626651654831,0.6829785873333853,0.09968301129420472
0.2423223223223223,0.5055005159766269,-0.8218057653466556,0.13434719150164764,0.21120628245375306,0.6830014010216626,0.10011207430719765
0.245045045045045,0.5058681586394164,-0.8212277968814332,0.13570741741881462,0.213344684128183,0.6830241170172013,0.10054557345612784
0.24776776776776774,0.5062395003037331,-0.8206440132417165,0.13706432571179333,0.2154778701887728,0.6830467246560878,0.10098349976041698
0.25049049049049044,0.5066145319366064,-0.8200544286281762,0.13841791638058384,0.21760584063552257,0.68306921320197,0.10142584423525092
0.25321321321321316,0.5069932445050656,-0.8194590572414824,0.13976818942518612,0.21972859546843218,0.6830915718468047,0.10187259789104829
0.2559359359359359,0.5073756289761397,-0.8188579132823053,0.14111514484560025,0.22184613468750183,0.6831137897116062,0.10232375173292846
0.2586586586586586,0.5077616763168582,-0.8182510109513154,0.14245878264182615,0.2239584582927314,0.6831358558471912,0.10277929676018001
0.26138138138138134,0.5081513774942501,-0.8176383644491829,0.14379910281386382,0.22606556628412083,0.6831577592349256,0.10323922396572949
0.26410410410410406,0.5085447234753449,-0.8170199879765783,0.14513610536171329,0.2281674586616702,0.6831794887874683,0.10370352433561007
0.2668268268268268,0.5089417052271715,-0.8163958957341716,0.14646979028537452,0.23026413542537952,0.6832010333495151,0.10417218884843074
0.2695495495495495,0.5093423137167594,-0.8157661019226334,0.14780015758484757,0.2323555965752488,0.6832223816985428,0.10464520847484567
0.27227227227227224,0.5097465399111377,-0.815130620742634,0.14912720726013243,0.234441842111278,0.6832435225455499,0.10512257417702438
0.27499499499499497,0.5101543747773358,-0.8144894663948435,0.150450939311229,0.23652287203346703,0.6832644445357994,0.10560427690812182
0.2777177177177177,0.5105658092823828,-0.8138426530799324,0.1517713537381374,0.23859868634181608,0.6832851362495596,0.10609030761174941
0.2804404404404404,0.510980834393308,-0.8131901949985709,0.15308845054085762,0.24066928503632504,0.6833055862028437,0.1065806572214465
0.28316316316316315,0.5113994410771405,-0.8125321063514295,0.1544022297193896,0.24273466811699393,0.6833257828481505,0.10707531666015227
0.2858858858858858,0.5118216203009098,-0.8118684013391784,0.15571269127373338,0.24479483558382276,0.6833457145752027,0.10757427683967914
0.28860860860860854,0.5122473630316449,-0.8111990941624878,0.15701983520388887,0.2468497874368114,0.6833653697116855,0.1080775286601855
0.29133133133133127,0.5126766602363751,-0.8105241990220282,0.15832366150985627,0.2488995236759601,0.6833847365239845,0.10858506300965094
0.294054054054054,0.5131095028821298,-0.8098437301184698,0.15962417019163536,0.25094404430126865,0.6834038032179236,0.10909687076335095
0.2967767767767767,0.513545881935938,-0.8091577016524829,0.1609213612492263,0.2529833493127372,0.683422557939501,0.1096129427833333
0.29949949949949944,0.513985788364829,-0.8084661278247379,0.16221523468262902,0.2550174387103657,0.683440988775627,0.11013326991789509
0.30222222222222217,0.5144292131358321,-0.8077690228359051,0.1635057904918435,0.257046312494154,0.6834590837548584,0.11065784300106123
0.3049449449449449,0.5148761472159765,-0.8070664008866549,0.16479302867686976,0.25906997066410226,0.6834768308481352,0.11118665285206325
0.3076676676676676,0.5153265815722915,-0.8063582761776574,0.16607694923770785,0.26108841322021054,0.6834942179695154,0.11171969027482023
0.31039039039039035,0.5157805071718062,-0.805644662909583,0.16735755217435772,0.26310164016247867,0.68351123297691,0.11225694605741997
0.3131131131131131,0.5162379149815499,-0.8049255752831022,0.16863483748681934,0.2651096514909067,0.6835278636728173,0.11279841097160204
0.3158358358358358,0.516698795968552,-0.8042010274988851,0.16990880517509277,0.26711244720549476,0.6835440978050571,0.11334407577224222
0.3185585585585585,0.5171631410998415,-0.803471033757602,0.171179455239178,0.2691100273062426,0.6835599230675047,0.11389393119683751
0.32128128128128125,0.5176309413424477,-0.8027356082599234,0.17244678767907504,0.27110239179315054,0.6835753271008244,0.11444796796499321
0.324004004004004,0.5181021876634,-0.8019947652065195,0.17371080249478382,0.2730895406662184,0.6835902974932024,0.11500617677791175
0.32672672672672665,0.5185768710297274,-0.8012485187980605,0.17497149968630438,0.275071473925446,0.6836048217810808,0.11556854831788185
0.32944944944944937,0.5190549824084593,-0.800496883235217,0.17622887925363676,0.2770481915708336,0.6836188874498896,0.11613507324777056
0.3321721721721721,0.5195365127666248,-0.799739872718659,0.17748294119678093,0.2790196936023812,0.6836324819347801,0.11670574221051618
0.3348948948948948,0.5200214530712532,-0.798977501449057,0.17873368551573687,0.2809859800200887,0.6836455926213568,0.11728054582862284
0.33761761761761755,0.5205097942893739,-0.7982097836270813,0.17998111221050464,0.2829470508239562,0.6836582068464101,0.11785947470365722
0.3403403403403403,0.5210015273880159,-0.7974367334534023,0.18122522128108415,0.2849029060139835,0.6836703118986485,0.11844251941574632
0.343063063063063,0.5214966433342085,-0.79665836512869,0.18246601272747545,0.28685354559017073,0.6836818950194307,0.11902967052307842
0.3457857857857857,0.521995133094981,-0.7958746928536151,0.18370348654967852,0.28879896955251794,0.6836929434034978,0.11962091856140378
0.34850850850850845,0.5224969876373627,-0.7950857308288477,0.1849376427476935,0.2907391779010251,0.6837034441997052,0.12021625404353956
0.3512312312312312,0.5230021979283827,-0.7942914932550582,0.1861684813215202,0.29267417063569223,0.683713384511754,0.1208156674588747
0.3539539539539539,0.5235107549350702,-0.7934919943329168,0.1873960022711586,0.29460394775651916,0.6837227513989239,0.12141914927287857
0.35667667667667663,0.5240226496244546,-0.792687248263094,0.18862020559660883,0.29652850926350605,0.683731531876804,0.12202668992661035
0.35939939939939936,0.524537872963565,-0.79187726924626,0.1898410912978709,0.2984478551566529,0.6837397129180252,0.12263827983623099
0.3621221221221221,0.5250564159194308,-0.791062071483085,0.19105865937494473,0.30036198543595966,0.6837472814529921,0.1232539093925177
0.3648448448448448,0.5255782694590809,-0.7902416691742395,0.19227290982783035,0.3022709001014264,0.6837542243706147,0.12387356896037982
0.36756756756756753,0.526103424549545,-0.7894160765203938,0.19348384265652774,0.30417459915305295,0.6837605285190402,0.12449724887837813
0.37029029029029026,0.526631872157852,-0.7885853077222181,0.19469145786103695,0.3060730825908395,0.6837661807063853,0.12512493945824507
0.37301301301301293,0.5271636032510312,-0.7877493769803828,0.1958957554413579,0.3079663504147859,0.683771167701468,0.12575663098440837
0.37573573573573565,0.527698608796112,-0.7869082984955582,0.19709673539749067,0.3098544026248924,0.68377547623454,0.12639231371351684
0.3784584584584584,0.5282368797601233,-0.7860620864684147,0.1982943977294352,0.31173723922115865,0.6837790929980185,0.12703197787396808
0.3811811811811811,0.5287784071100948,-0.7852107550996225,0.19948874243719156,0.3136148602035849,0.6837820046472192,0.12767561366543972
0.38390390390390383,0.5293231818130554,-0.7843543185898518,0.20067976952075972,0.31548726557217116,0.6837841978010879,0.1283232112584216
0.38662662662662656,0.5298711948360344,-0.7834927911397732,0.20186747898013963,0.3173544553269172,0.6837856590429342,0.12897476079375264
0.3893493493493493,0.5304224371460611,-0.7826261869500568,0.20305187081533135,0.3192164294678233,0.6837863749211631,0.12963025238215833
0.392072072072072,0.5309768997101647,-0.781754520221373,0.20423294502633485,0.32107318799488926,0.6837863319500088,0.13028967610379233
0.39479479479479473,0.5315345734953744,-0.7808778051543922,0.20541070161315014,0.32292473090811513,0.6837855166102675,0.13095302200777956
0.39751751751751746,0.5320954494687195,-0.7799960559497845,0.20658514057577715,0.3247710582075009,0.6837839153500305,0.13162028011176363
0.4002402402402402,0.5326595185972292,-0.7791092868082204,0.207756261914216,0.32661216989304664,0.6837815145854178,0.1322914404014553
0.4029629629629629,0.5332267718479328,-0.7782175119303701,0.2089240656284667,0.32844806596475234,0.6837783007013118,0.13296649283018525
0.40568568568568564,0.5337972001878595,-0.777320745516904,0.21008855171852917,0.330278746422618,0.6837742600520915,0.1336454273184588
0.40840840840840836,0.5343707945840385,-0.7764190017684924,0.21124972018440338,0.33210421126664347,0.6837693789623656,0.13432823375351388
0.4111311311311311,0.534947546003499,-0.7755122948858056,0.21240757102608937,0.33392446049682895,0.6837636437277077,0.1350149019888825
0.41385385385385376,0.5355274454132704,-0.7746006390695139,0.21356210424358718,0.3357394941131743,0.6837570406153908,0.13570542184395418
0.4165765765765765,0.5361104837803817,-0.7736840485202876,0.21471331983689676,0.33754931211567957,0.6837495558651216,0.13639978310354356
0.4192992992992992,0.5366966520718623,-0.7727625374387971,0.21586121780601814,0.3393539145043448,0.6837411756897759,0.13709797551745992
0.42202202202202194,0.5372859412547415,-0.7718361200257127,0.21700579815095128,0.34115330127917,0.6837318862761339,0.13779998880008132
0.42474474474474466,0.5378783422960485,-0.7709048104817046,0.21814706087169622,0.342947472440155,0.6837216737856154,0.13850581262993064
0.4274674674674674,0.5384738461628124,-0.7699686230074432,0.21928500596825298,0.34473642798730003,0.6837105243550161,0.1392154366492552
0.4301901901901901,0.5390724438220625,-0.7690275718035987,0.22041963344062146,0.34652016792060497,0.6836984240972432,0.13992885046361048
0.43291291291291284,0.5396741262408281,-0.7680816710708417,0.22155094328880184,0.34829869224006993,0.6836853591020524,0.14064604364144562
0.43563563563563557,0.5402788843861384,-0.7671309350098422,0.22267893551279394,0.3500720009456947,0.6836713154367835,0.14136700571369393
0.4383583583583583,0.5408867092250227,-0.7661753778212708,0.22380361011259783,0.3518400940374794,0.6836562791470984,0.14209172617336552
0.441081081081081,0.5414975917245101,-0.7652150137057976,0.2249249670882135,0.353602971515424,0.6836402362577176,0.14282019447514405
0.44380380380380374,0.5421115228516299,-0.7642498568640929,0.22604300643964095,0.35536063337952856,0.6836231727731583,0.1435524000349866
0.44652652652652647,0.5427284935734114,-0.7632799214968271,0.2271577281668802,0.35711307962979316,0.683605074678471,0.14428833222972742
0.4492492492492492,0.5433484948568836,-0.7623052218046706,0.22826913226993129,0.35886031026621756,0.6835859279399792,0.1450279803966849
0.4519719719719719,0.5439715176690761,-0.7613257719882935,0.2293772187487941,0.36060232528880193,0.6835657185060162,0.14577133383327256
0.45469469469469465,0.544597552977018,-0.7603415862483665,0.23048198760346875,0.36233912469754626,0.6835444323076649,0.1465183817966126
0.45741741741741737,0.5452265917477385,-0.7593526787855595,0.2315834388339551,0.3640707084924504,0.6835220552594963,0.14726911350315508
0.46014014014014004,0.5458586249482666,-0.7583590638005429,0.23268157244025334,0.3657970766735146,0.6834985732603083,0.14802351812829848
0.46286286286286277,0.546493643545632,-0.7573607554939872,0.23377638842236328,0.3675182292407386,0.6834739721938657,0.14878158480601594
0.4655855855855855,0.5471316385068636,-0.7563577680665625,0.234867886780285,0.3692341661941225,0.6834482379296405,0.1495433026284842
0.4683083083083082,0.5477726007989908,-0.7553501157189393,0.2359560675140186,0.37094488753366656,0.6834213563235507,0.1503086606457168
0.47103103103103094,0.5484165213890428,-0.7543378126517878,0.23704093062356393,0.37265039325937027,0.683393313218702,0.15107764786520073
0.47375375375375367,0.5490633912440488,-0.7533208730657783,0.2381224761089211,0.3743506833712342,0.6833640944461274,0.1518502532515375
0.4764764764764764,0.5497132013310381,-0.7522993111615813,0.23920070397009008,0.3760457578692579,0.6833336858255292,0.15262646572608787
0.4791991991991991,0.5503659426170399,-0.7512731411398669,0.24027561420707072,0.3777356167534415,0.6833020731660191,0.15340627416662062
0.48192192192192185,0.5510216060690833,-0.7502423772013055,0.24134720681986319,0.379420260023785,0.6832692422668607,0.15418966740696483
0.4846446446446446,0.5516801826541978,-0.7492070335465675,0.24241548180846748,0.3810996876802885,0.6832351789182108,0.15497663423666727
0.4873673673673673,0.5523416633394125,-0.7481671243763229,0.24348043917288362,0.38277389972295195,0.6831998689018615,0.15576716340065294
0.49009009009009,0.5530060390917566,-0.7471226638912425,0.24454207891311147,0.3844428961517753,0.6831632979919822,0.1565612435988898
0.49281281281281275,0.5536733008782594,-0.7460736662919962,0.2456004010291511,0.38610667696675854,0.6831254519558629,0.15735886348605807
0.4955355355355355,0.5543434396659501,-0.7450201457792545,0.24665540552100254,0.38776524216790176,0.6830863165546563,0.15816001167122368
0.4982582582582582,0.555016446421858,-0.7439621165536877,0.2477070923886658,0.3894185917552049,0.6830458775441214,0.15896467671751519
0.5009809809809809,0.5556923121130123,-0.7428995928159662,0.2487554616321408,0.3910667257286679,0.683004120675366,0.15977284714180598
0.5037037037037037,0.5563710277064422,-0.7418325887667601,0.2498005132514276,0.3927096440882909,0.6829610316955912,0.1605845114144
0.5064264264264263,0.5570525841691769,-0.7407611186067399,0.2508422472465261,0.3943473468340737,0.6829165963488342,0.161399657958722
0.5091491491491491,0.5577369724682458,-0.7396851965365757,0.25188066361743655,0.3959798339660166,0.682870800376713,0.1622182751510125
0.5118718718718718,0.558424183570678,-0.7386048367569381,0.2529157623641587,0.3976071054841193,0.6828236295191701,0.1630403513200261
0.5145945945945946,0.5591142084435028,-0.7375200534684972,0.25394754348669263,0.399229161388382,0.682775069515217,0.1638658747467357
0.5173173173173172,0.5598070380537494,-0.7364308608719236,0.2549760069850384,0.40084600167880463,0.6827251061036785,0.1646948336640397
0.52004004004004,0.5605026633684471,-0.7353372731678872,0.25600115285919595,0.4024576263553871,0.6826737250239376,0.16552721625647474
0.5227627627627627,0.561201075354625,-0.7342393045570585,0.2570229811091652,0.4040640354181295,0.6826209120166805,0.16636301065993211
0.5254854854854853,0.5619022649793125,-0.733136969240108,0.25804149173494634,0.40566522886703194,0.6825666528246412,0.16720220496137925
0.5282082082082081,0.5626062232095388,-0.7320302814177058,0.25905668473653926,0.4072612067020943,0.6825109331933472,0.16804478719858584
0.5309309309309308,0.5633129410123331,-0.7309192552905223,0.2600685601139439,0.40885196892331654,0.6824537388718639,0.16889074535985388
0.5336536536536536,0.5640224093547246,-0.7298039050592277,0.26107711786716037,0.41043751553069874,0.6823950556135412,0.16974006738375294
0.5363763763763763,0.5647346192037426,-0.7286842449244925,0.2620823579961886,0.4120178465242407,0.6823348691767578,0.17059274115886003
0.539099099099099,0.5654495615264163,-0.7275602890869868,0.2630842805010287,0.41359296190394285,0.6822731653256677,0.1714487545235039
0.5418218218218217,0.566167227289775,-0.726432051747381,0.2640828853816805,0.41516286166980476,0.6822099298309456,0.17230809526551388
0.5445445445445445,0.5668876074608478,-0.7252995471063456,0.26507817263814415,0.41672754582182675,0.6821451484705323,0.17317075112197428
0.5472672672672672,0.5676106930066641,-0.7241627893645507,0.26607014227041953,0.4182870143600085,0.6820788070303807,0.17403670977898267
0.5499899899899899,0.568336474894253,-0.7230217927226666,0.26705879427850676,0.41984126728435023,0.6820108913052021,0.17490595887141291
0.5527127127127126,0.5690649440906439,-0.7218765713813639,0.26804412866240573,0.42139030459485183,0.681941387099211,0.17577848598268414
0.5554354354354354,0.5697960915628659,-0.7207271395413125,0.26902614542211645,0.42293412629151345,0.6818702802268723,0.17665427864453317
0.5581581581581581,0.5705299082779483,-0.719573511403183,0.27000484455763907,0.42447273237433497,0.681797556513646,0.17753332433679253
0.5608808808808808,0.5712663852029203,-0.7184157011676457,0.27098022606897343,0.42600612284331646,0.6817232017967334,0.17841561048717353
0.5636036036036035,0.5720055133048111,-0.7172537230353708,0.27195228995611953,0.42753429769845774,0.6816472019258228,0.17930112447105365
0.5663263263263263,0.57274728355065,-0.7160875912070287,0.2729210362190775,0.42905725693975916,0.6815695427638359,0.18018985361126935
0.569049049049049,0.5734916869074662,-0.7149173198832897,0.2738864648578472,0.43057500056722026,0.681490210187672,0.18108178517791373
0.5717717717717716,0.574238714342289,-0.713742923264824,0.27484857587242867,0.4320875285808415,0.6814091900889551,0.1819769063881389
0.5744944944944944,0.5749883568221477,-0.7125644155523021,0.27580736926282196,0.43359484098062245,0.681326468374778,0.18287520440596405
0.5772172172172171,0.5757406053140712,-0.7113818109463943,0.276762845029027,0.4350969377665634,0.6812420309684486,0.18377666634208756
0.5799399399399399,0.5764954507850892,-0.7101951236477707,0.277715003171044,0.43659381893866456,0.6811558638102342,0.18468127925370545
0.5826626626626625,0.5772528842022306,-0.7090043678571019,0.27866384368887254,0.4380854844969253,0.6810679528581075,0.18558903014433334
0.5853853853853853,0.5780128965325249,-0.7078095577750579,0.27960936658251295,0.439571934441346,0.68097828408849,0.18649990596363525
0.588108108108108,0.5787754787430011,-0.7066107076023094,0.28055157185196516,0.4410531687719268,0.6808868434969979,0.187413893607256
0.5908308308308308,0.5795406218006884,-0.7054078315395264,0.28149045949722923,0.44252918748866743,0.6807936170991855,0.18833097991665976
0.5935535535535534,0.5803083166726163,-0.7042009437873793,0.28242602951830503,0.4439999905915679,0.6806985909312895,0.18925115167897338
0.5962762762762762,0.5810785543258139,-0.7029900585465384,0.28335828191519263,0.4454655780806285,0.6806017510509732,0.1901743956268351
0.5989989989989989,0.5818513257273104,-0.7017751900176742,0.28428721668789203,0.44692594995584894,0.6805030835380697,0.19110069843824798
0.6017217217217217,0.5826266218441352,-0.7005563524014566,0.28521283383640317,0.4483811062172292,0.6804025744953246,0.19203004673643964
0.6044444444444443,0.5834044336433172,-0.6993335598985565,0.2861351333607261,0.4498310468647695,0.68030021004914,0.1929624270897255
0.6071671671671671,0.5841847520918859,-0.6981068267096437,0.2870541152608609,0.4512757718984698,0.680195976350316,0.19389782601137967
0.6098898898898898,0.5849675681568706,-0.6968761670353889,0.28796977953680736,0.4527152813183298,0.680089859574793,0.19483622995950883
0.6126126126126125,0.5857528728053003,-0.6956415950764621,0.2888821261885657,0.4541495751243499,0.6799818459243936,0.19577762533693285
0.6153353353353352,0.5865406570042044,-0.6944031250335339,0.2897911552161358,0.45557865331652986,0.6798719216275639,0.1967219984910702
0.6180580580580579,0.5873309117206121,-0.6931607711072743,0.29069686661951766,0.45700251589486973,0.679760072940114,0.19766933571382897
0.6207807807807807,0.5881236279215527,-0.6919145474983537,0.2915992603987114,0.4584211628593697,0.6796462861459583,0.19861962324150312
0.6235035035035034,0.5889187965740553,-0.6906644684074427,0.2924983365537169,0.45983459421002937,0.6795305475578559,0.1995728472546738
0.6262262262262261,0.5897164086451492,-0.6894105480352113,0.2933940950845341,0.46124280994684913,0.679412843518149,0.20052899387811687
0.6289489489489488,0.5905164551018637,-0.6881528005823299,0.29428653599116317,0.46264581006982863,0.6792931603995023,0.20148804918071533
0.6316716716716716,0.591318926911228,-0.6868912402494689,0.295175659273604,0.4640435945789682,0.6791714846056407,0.20244999917537676
0.6343943943943943,0.5921238150402712,-0.6856258812372985,0.29606146493185653,0.4654361634742676,0.6790478025720872,0.20341482981895712
0.637117117117117,0.5929311104560228,-0.6843567377464891,0.29694395296592097,0.466823516755727,0.6789221007668994,0.20438252701218962
0.6398398398398397,0.5937408041255119,-0.683083823977711,0.29782312337579725,0.4682056544233464,0.6787943656914062,0.20535307659961885
0.6425625625625625,0.5945528870157676,-0.6818071541316344,0.2986989761614853,0.4695825764771257,0.6786645838809428,0.20632646436954036
0.6452852852852852,0.5953673500938194,-0.6805267424089299,0.29957151132298493,0.4709542829170648,0.6785327419055858,0.20730267605394678
0.648008008008008,0.5961841843266963,-0.6792426030102674,0.30044072886029655,0.47232077374316395,0.6783988263708871,0.20828169732847795
0.6507307307307306,0.5970033806814277,-0.6779547501363177,0.30130662877341985,0.47368204895542293,0.6782628239186077,0.20926351381237746
0.6534534534534533,0.5978249301250428,-0.6766631979877507,0.30216921106235506,0.47503810855384193,0.6781247212274497,0.210248111068455
0.6561761761761761,0.5986488236245708,-0.6753679607652369,0.30302847572710195,0.47638895253842084,0.6779845050137878,0.21123547460305345
0.6588988988988987,0.5994750521470409,-0.6740690526694466,0.3038844227676606,0.47773458090915955,0.6778421620324007,0.212225589866022
0.6616216216216215,0.6003036066594826,-0.67276648790105,0.30473705218403124,0.47907499366605844,0.6776976790772007,0.2132184422506954
0.6643443443443442,0.6011344781289247,-0.6714602806607177,0.3055863639762135,0.4804101908091171,0.6775510429819624,0.2142140170938772
0.667067067067067,0.6019676575223968,-0.6701504451491197,0.3064323581442075,0.48174017233833566,0.6774022406210517,0.21521229967583083
0.6697897897897896,0.6028031358069279,-0.6688369955669266,0.30727503468801337,0.4830649382537141,0.6772512589101516,0.21621327522027434
0.6725125125125124,0.6036409039495474,-0.6675199461148085,0.3081143936076311,0.4843844885552527,0.677098084806989,0.2172169288943819
0.6752352352352351,0.6044809529172845,-0.6661993109934357,0.3089504349030605,0.48569882324295105,0.6769427053120602,0.2182232458087904
0.6779579579579579,0.6053232736771684,-0.6648751044034786,0.3097831585743017,0.4870079423168093,0.6767851074693536,0.21923221101761206
0.6806806806806805,0.6061678571962285,-0.6635473405456077,0.3106125646213548,0.48831184577682757,0.6766252783670736,0.2202438095184524
0.6834034034034033,0.6070146944414937,-0.662216033620493,0.31143865304421964,0.4896105336230058,0.6764632051383621,0.2212580262524342
0.686126126126126,0.6078637763799934,-0.660881197828805,0.3122614238428962,0.4909040058553439,0.6762988749620189,0.22227484610422685
0.6888488488488488,0.6087150939787571,-0.6595428473712137,0.3130808770173846,0.4921922624738419,0.6761322750632204,0.22329425390208152
0.6915715715715715,0.6095686382048137,-0.65820099644839,0.3138970125676847,0.4934753034784997,0.6759633927142397,0.22431623441787168
0.6942942942942942,0.6104244000251925,-0.6568556592610038,0.31470983049379664,0.49475312886931766,0.6757922152351614,0.22534077236714042
0.6970170170170169,0.6112823704069227,-0.6555068500097254,0.3155193307957204,0.4960257386462954,0.6756187299945984,0.22636785240915167
0.6997397397397396,0.6121425403170337,-0.6541545828952253,0.3163255134734559,0.49729313280943316,0.6754429244104053,0.22739745914694914
0.7024624624624624,0.6130049007225546,-0.6527988721181738,0.3171283785270033,0.4985553113587309,0.6752647859503924,0.228429577127419
0.705185185185185,0.6138694425905148,-0.6514397318792411,0.3179279259563623,0.49981227429418834,0.6750843021330362,0.22946419084136002
0.7079079079079078,0.6147361568879435,-0.6500771763790976,0.31872415576153335,0.5010640216158059,0.67490146052819,0.23050128472355846
0.7106306306306305,0.6156050345818697,-0.6487112198184135,0.31951706794251583,0.5023105533235832,0.6747162487577928,0.23154084315286835
0.7133533533533533,0.6164760666393229,-0.6473418763978592,0.3203066624993104,0.5035518694175206,0.6745286544965754,0.23258285045229896
0.7160760760760759,0.617349244027332,-0.6459691603181051,0.32109293943191664,0.5047879698976178,0.6743386654727674,0.2336272908891064
0.7187987987987987,0.6182245577129268,-0.6445930857798214,0.3218758987403347,0.5060188547638751,0.6741462694687999,0.23467414867489209
0.7215215215215214,0.6191019986631361,-0.6432136669836784,0.3226555404245646,0.5072445240162923,0.6739514543220089,0.23572340796570593
0.7242442442442442,0.6199815578449892,-0.6418309181303465,0.32343186448460615,0.5084649776548693,0.6737542079253359,0.23677505286215647
0.7269669669669668,0.6208632262255155,-0.640444853420496,0.3242048709204596,0.5096802156796063,0.6735545182280267,0.23782906740952595
0.7296896896896896,0.621746994771744,-0.6390554870547971,0.32497455973212486,0.5108902380905034,0.6733523732363296,0.23888543559789077
0.7324124124124123,0.6226328544507042,-0.6376628332339203,0.3257409309196017,0.51209504488756,0.67314776101419,0.239944141362249
0.7351351351351351,0.6235207962294251,-0.6362669061585358,0.3265039844828906,0.5132946360707769,0.6729406696839457,0.2410051685826525
0.7378578578578577,0.624410811074936,-0.6348677200293138,0.32726372042199114,0.5144890116401536,0.6727310874270178,0.24206850108434483
0.7405805805805805,0.6253028899542663,-0.6334652890469248,0.32802013873690344,0.5156781715956902,0.672519002484602,0.24313412263790585
0.7433033033033032,0.6261970238344451,-0.6320596274120391,0.3287732394276276,0.5168621159373867,0.6723044031583563,0.24420201695940086
0.7460260260260259,0.6270932036825015,-0.6306507493253272,0.32952302249416354,0.5180408446652431,0.6720872778110879,0.24527216771053617
0.7487487487487486,0.6279914204654651,-0.629238668987459,0.3302694879365113,0.5192143577792597,0.671867614867438,0.24634455849882064
0.7514714714714713,0.6288916651503648,-0.627823400599105,0.33101263575467077,0.5203826552794361,0.6716454028145633,0.24741917287773188
0.7541941941941941,0.62979392870423,-0.6264049583609355,0.331752465948642,0.5215457371657722,0.6714206302028183,0.24849599434688974
0.7569169169169168,0.6306982020940898,-0.6249833564736209,0.33248897851842507,0.5227036034382684,0.6711932856464319,0.24957500635223348
0.7596396396396395,0.6316044762869737,-0.6235586091378315,0.33322217346402,0.5238562540969245,0.6709633578241853,0.25065619228620745
0.7623623623623622,0.6325127422499106,-0.6221307305542375,0.33395205078542667,0.5250036891417407,0.6707308354800854,0.2517395354879491
0.765085085085085,0.63342299094993,-0.6206997349235093,0.3346786104826451,0.5261459085727165,0.6704957074240372,0.252825019243486
0.7678078078078077,0.6343352133540611,-0.6192656364463173,0.3354018525556753,0.5272829123898525,0.6702579625325138,0.2539126267859361
0.7705305305305304,0.6352494004293331,-0.6178284493233315,0.3361217770045174,0.5284147005931483,0.6700175897492235,0.2550023412957151
0.7732532532532531,0.6361655431427752,-0.6163881877552225,0.33683838382917114,0.529541273182604,0.6697745780857762,0.2560941459007486
0.7759759759759759,0.6370836324614166,-0.6149448659426606,0.3375516730296368,0.5306626301582197,0.6695289166223453,0.25718802367669097
0.7786986986986986,0.6380036593522866,-0.6134984980863161,0.3382616446059141,0.5317787715199953,0.669280594508329,0.2582839576471489
0.7814214214214213,0.6389256147824145,-0.6120490983868592,0.3389682985580033,0.5328896972679308,0.6690296009630086,0.25938193078391103
0.784144144144144,0.6398494897188295,-0.6105966810449605,0.3396716348859043,0.5339954074020263,0.6687759252762038,0.2604819260071836
0.7868668668668667,0.6407752751285607,-0.60914126026129,0.34037165358961696,0.5350959019222816,0.6685195568089273,0.26158392618583093
0.7895895895895895,0.6417029619786375,-0.607682850236518,0.34106835466914154,0.5361911808286971,0.6682604849940343,0.2626879141376224
0.7923123123123121,0.6426325412360891,-0.6062214651713151,0.34176173812447785,0.5372812441212722,0.6679986993368716,0.2637938726294843
0.7950350350350349,0.6435640038679447,-0.6047571192663515,0.34245180395562597,0.5383660918000074,0.6677341894159233,0.264901784377758
0.7977577577577576,0.6444973408412336,-0.6032898267222973,0.3431385521625858,0.5394457238649024,0.6674669448834536,0.2660116320484635
0.8004804804804804,0.6454325431229849,-0.601819601739823,0.3438219827453575,0.5405201403159575,0.6671969554661477,0.2671233982575678
0.803203203203203,0.6463696016802281,-0.600346458519599,0.344502095703941,0.5415893411531725,0.6669242109657492,0.26823706557126054
0.8059259259259258,0.6473085074799921,-0.5988704112622953,0.3451788910383363,0.5426533263765474,0.6666487012596954,0.2693526165062333
0.8086486486486485,0.6482492514893063,-0.5973914741685827,0.3458523687485433,0.5437120959860821,0.6663704163017496,0.270470033529966
0.8113713713713713,0.6491918246752002,-0.5959096614391313,0.3465225288345622,0.5447656499817769,0.6660893461226302,0.27158929906101825
0.814094094094094,0.6501362180047026,-0.5944249872746111,0.34718937129639277,0.5458139883636316,0.6658054808306374,0.27271039546932574
0.8168168168168167,0.6510824224448429,-0.5929374658756927,0.34785289613403525,0.5468571111316461,0.6655188106122774,0.2738333050765032
0.8195395395395394,0.6520304289626504,-0.5914471114430466,0.3485131033474894,0.5478950182858207,0.6652293257328825,0.27495801015615173
0.8222622622622622,0.6529802285251544,-0.5899539381773428,0.3491699929367554,0.548927709826155,0.6649370165372293,0.2760844929341731
0.8249849849849848,0.6539318120993838,-0.5884579602792517,0.34982356490183325,0.5499551857526495,0.6646418734501536,0.2772127355890875
0.8277077077077075,0.6548851706523682,-0.5869591919494437,0.3504738192427227,0.5509774460653036,0.6643438869771614,0.27834272025235895
0.8304304304304303,0.6558402951511367,-0.5854576473885891,0.3511207559594241,0.551994490764118,0.6640430477050392,0.2794744290087246
0.833153153153153,0.6567971765627185,-0.5839533407973581,0.35176437505193725,0.5530063198490921,0.6637393463024575,0.2806078438965298
0.8358758758758758,0.657755805854143,-0.582446286376421,0.3524046765202622,0.5540129333202262,0.6634327735205747,0.2817429469080691
0.8385985985985984,0.6587161739924393,-0.5809364983264482,0.3530416603643989,0.5550143311775202,0.6631233201936363,0.2828797199899324
0.8413213213213212,0.6596782719446366,-0.5794239908481102,0.3536753265843473,0.556010513420974,0.6628109772395697,0.28401814504335554
0.8440440440440439,0.6606420906777641,-0.5779087781420771,0.35430567518010764,0.557001480050588,0.6624957356605781,0.2851582039245784
0.8467667667667667,0.6616076211588513,-0.5763908744090191,0.35493270615167977,0.5579872310663617,0.6621775865437294,0.2862998784452057
0.8494894894894893,0.6625748543549272,-0.5748702938496069,0.35555641949906364,0.5589677664682955,0.6618565210615421,0.28744315037257545
0.8522122122122121,0.6635437812330212,-0.5733470506645103,0.3561768152222593,0.5599430862563891,0.6615325304725685,0.2885880014301311
0.8549349349349348,0.6645143927601622,-0.5718211590544,0.35679389332126665,0.5609131904306426,0.6612056061219735,0.2897344132977995
0.8576576576576576,0.6654866799033798,-0.5702926332199463,0.35740765379608597,0.5618780789910562,0.6608757394421102,0.29088236761237496
0.8603803803803802,0.6664606336297032,-0.5687614873618193,0.35801809664671697,0.5628377519376295,0.6605429219530926,0.2920318459679068
0.863103103103103,0.6674362449061616,-0.5672277356806894,0.3586252218731598,0.563792209270363,0.6602071452633642,0.29318282991609373
0.8658258258258257,0.668413504699784,-0.5656913923772272,0.35922902947541446,0.5647414509892563,0.6598684010702633,0.29433530096668203
0.8685485485485485,0.6693924039776,-0.5641524716521025,0.3598295194534808,0.5656854770943094,0.659526681160584,0.29548924058787107
0.8712712712712711,0.6703729337066386,-0.562610987705986,0.3604266918073589,0.5666242875855225,0.6591819774111348,0.29664463020672066
0.8739939939939938,0.6713550848539291,-0.5610669547395479,0.36102054653704885,0.5675578824628955,0.658834281789292,0.2978014512095669
0.8767167167167166,0.6723388483865007,-0.5595203869534586,0.3616110836425506,0.5684862617264286,0.6584835863535512,0.298959684942441
0.8794394394394393,0.6733242152713828,-0.5579712985483882,0.3621983031238642,0.5694094253761215,0.6581298832540727,0.3001193127114941
0.882162162162162,0.6743111764756043,-0.5564197037250074,0.3627822049809895,0.5703273734119743,0.6577731647332259,0.3012803157834263
0.8848848848848847,0.6752997229661948,-0.554865616683986,0.36336278921392656,0.571240105833987,0.6574134231261269,0.302442675385922
0.8876076076076075,0.6762898457101835,-0.5533090516259946,0.3639400558226755,0.5721476226421598,0.6570506508611746,0.303606372708089
0.8903303303303302,0.6772815356745994,-0.5517500227517036,0.36451400480723617,0.5730499238364923,0.6566848404605818,0.30477138890090316
0.8930530530530529,0.6782747838264719,-0.5501885442617831,0.36508463616760867,0.573947009416985,0.6563159845409026,0.3059377050776581
0.8957757757757756,0.6792695811328301,-0.5486246303569036,0.36565194990379296,0.5748388793836373,0.6559440758135548,0.30710530231441935
0.8984984984984984,0.6802659185607034,-0.5470582952377353,0.366215946015789,0.5757255337364499,0.6555691070853411,0.308274161650484
0.9012212212212211,0.681263787077121,-0.5454895531049486,0.3667766245035968,0.5766069724754221,0.6551910712589623,0.3094442640888446
0.9039439439439438,0.6822631776491122,-0.5439184181592136,0.36733398536721645,0.5774831956005543,0.6548099613335298,0.31061559059665855
0.9066666666666665,0.6832640812437061,-0.542344904601201,0.36788802860664793,0.5783542031118466,0.654425770405072,0.31178812210572115
0.9093893893893893,0.684266488827932,-0.5407690266315808,0.3684387542218911,0.5792199950092987,0.6540384916670379,0.31296183951294526
0.912112112112112,0.685270391368819,-0.5391907984510234,0.36898616221294617,0.5800805712929108,0.6536481184107942,0.3141367236808437
0.9148348348348347,0.6862757798333965,-0.5376102342601992,0.3695302525798128,0.5809359319626827,0.6532546440261215,0.31531275543801784
0.9175575575575574,0.6872826451886938,-0.5360273482597784,0.3700710253224914,0.5817860770186145,0.6528580620017032,0.3164899155796503
0.9202802802802801,0.6882909784017399,-0.5344421546504314,0.37060848044098177,0.5826310064607063,0.6524583659256118,0.3176681848680018
0.9230030030030029,0.6893007704395643,-0.5328546676328285,0.3711426179352839,0.583470720288958,0.6520555494857903,0.31884754403291404
0.9257257257257255,0.690312012269196,-0.5312649014076399,0.3716734378053978,0.5843052185033698,0.6516496064705294,0.3200279737723156
0.9284484484484483,0.6913246948576646,-0.529672870175536,0.37220094005132354,0.5851345011039414,0.6512405307689397,0.32120945475273344
0.931171171171171,0.6923388091719989,-0.5280785881371872,0.3727251246730609,0.5859585680906727,0.6508283163714208,0.32239196760980804
0.9338938938938938,0.6933543461792282,-0.5264820694932637,0.37324599167061046,0.5867774194635643,0.6504129573701238,0.3235754929488143
0.9366166166166164,0.694371296846382,-0.524883328444436,0.3737635410439714,0.5875910552226157,0.6499944479594117,0.3247600113451859
0.9393393393393392,0.6953896521404894,-0.5232823791913741,0.37427777279314434,0.5883994753678271,0.6495727824363133,0.3259455033450441
0.9420620620620619,0.6964094030285797,-0.5216792359347484,0.37478868691812894,0.5892026798991982,0.6491479552009738,0.327131949465731
0.9447847847847847,0.697430540477682,-0.5200739128752294,0.3752962834189254,0.5900006688167294,0.6487199607570995,0.32831933019634807
0.9475075075075073,0.6984530554548256,-0.5184664242134873,0.37580056229553377,0.5907934421204205,0.6482887937123993,0.3295076259982974
0.9502302302302301,0.6994769389270399,-0.5168567841501925,0.37630152354795365,0.5915809998102715,0.647854448779021,0.33069681730582867
0.9529529529529528,0.7005021818613537,-0.5152450068860153,0.37679916717618556,0.5923633418862825,0.6474169207739815,0.3318868845265892
0.9556756756756756,0.7015287752247967,-0.5136311066216257,0.37729349318022914,0.5931404683484534,0.6469762046195945,0.3330778080421797
0.9583983983983982,0.702556709984398,-0.5120150975576945,0.3777845015600845,0.593912379196784,0.6465322953438921,0.3342695682087119
0.9611211211211209,0.7035859771071867,-0.5103969938948918,0.37827219231575165,0.5946790744312749,0.6460851880810418,0.33546214535737284
0.9638438438438437,0.7046165675601921,-0.508776809833888,0.3787565654472306,0.5954405540519254,0.6456348780717585,0.3366555197949914
0.9665665665665664,0.7056484723104437,-0.507154559575353,0.3792376209545214,0.5961968180587361,0.6451813606637116,0.3378496718046103
0.9692892892892891,0.7066816823249703,-0.5055302573199576,0.37971535883762386,0.5969478664517065,0.6447246313119281,0.3390445816460601
0.9720120120120118,0.7077161885708014,-0.503903917268372,0.38018977909653817,0.5976936992308369,0.64426468557919,0.3402402295565399
0.9747347347347346,0.7087519820149661,-0.5022755536212664,0.3806608817312644,0.5984343163961273,0.6438015191364258,0.34143659575119967
0.9774574574574573,0.7097890536244938,-0.5006451805793113,0.3811286667418022,0.5991697179475776,0.6433351277630985,0.34263366042372767
0.98018018018018,0.7108273943664138,-0.4990128123431766,0.381593134128152,0.5998999038851879,0.6428655073475884,0.3438314037469413
0.9829029029029027,0.711866995207755,-0.4973784631135333,0.3820542838903134,0.6006248742089579,0.6423926538875703,0.3450298058733817
0.9856256256256255,0.712907847115547,-0.49574214709105097,0.38251211602828666,0.601344628918888,0.641916563490385,0.3462288469359132
0.9883483483483482,0.7139499410568187,-0.4941038784764006,0.3829666305420717,0.602059168014978,0.6414372323734073,0.347428507048324
0.991071071071071,0.7149932679985996,-0.4924636714702519,0.3834178274316686,0.6027684914972279,0.6409546568644082,0.3486287663059339
0.9937937937937936,0.7160378189079188,-0.4908215402732757,0.38386570669707726,0.6034725993656378,0.6404688334019104,0.3498296047862028
0.9965165165165164,0.7170835847518058,-0.48917749908614194,0.3843102683382976,0.6041714916202076,0.6399797585355411,0.3510310025493446
0.9992392392392391,0.7181305564972893,-0.48753156210952125,0.3847515123553298,0.6048651682609372,0.6394874289263781,0.3522329396389432
1.0019619619619617,0.719178725111399,-0.4858837435440837,0.38518943874817385,0.6055536292878269,0.6389918413472901,0.3534353960825742
1.0046846846846844,0.7202280815611639,-0.48423405759049964,0.3856240475168295,0.6062368747008763,0.6384929926832739,0.35463835189242726
1.0074074074074073,0.7212786168136135,-0.4825825184494395,0.38605533866129726,0.606914904500086,0.6379908799317833,0.35584178706593467
1.01013013013013,0.7223303218357768,-0.48092914032157347,0.3864833121815765,0.6075877186854552,0.6374855002030552,0.3570456815864008
1.0128528528528526,0.723383187594683,-0.47927393740757196,0.38690796807766753,0.6082553172569845,0.6369768507204294,0.35825001542363727
1.0155755755755753,0.7244372050573615,-0.4776169239081054,0.3873293063495706,0.6089177002146738,0.6364649288206621,0.35945476853459946
1.0182982982982982,0.7254923651908417,-0.4759581140238435,0.3877473269972853,0.609574867558523,0.6359497319542358,0.3606599208640278
1.0210210210210209,0.7265486589621524,-0.4742975219554575,0.3881620300208119,0.6102268192885323,0.6354312576856616,0.3618654523450904
1.0237437437437436,0.727606077338323,-0.4726351619036171,0.38857341542015006,0.6108735554047012,0.6349095036937784,0.36307134290003146
1.0264664664664662,0.7286646112863829,-0.47097104806899265,0.3889814831953001,0.61151507590703,0.6343844677720448,0.36427757244082065
1.0291891891891891,0.7297242517733613,-0.4693051946522545,0.389386233346262,0.612151380795519,0.6338561478288255,0.36548412086980614
1.0319119119119118,0.7307849897662873,-0.46763761585407326,0.38978766587303576,0.612782470070168,0.6333245418876736,0.36669096808037094
1.0346346346346345,0.7318468162321902,-0.465968325875119,0.3901857807756212,0.6134083437309767,0.6327896480876058,0.3678980939575925
1.0373573573573571,0.7329097221380991,-0.464297338916062,0.3905805780540184,0.6140290017779453,0.6322514646833729,0.36910547837890406
1.04008008008008,0.7339736984510435,-0.46262466917757267,0.3909720577082274,0.6146444442110739,0.6317099900457241,0.37031310121476063
1.0428028028028027,0.7350387361380527,-0.46095033086032117,0.3913602197382482,0.6152546710303625,0.6311652226616664,0.37152094232930605
1.0455255255255254,0.7361048261661556,-0.4592743381649779,0.3917450641440808,0.6158596822358109,0.6306171611347171,0.3727289815810437
1.048248248248248,0.7371719595023815,-0.4575967052922136,0.3921265909257254,0.6164594778274194,0.6300658041851526,0.3739371988235101
1.0509709709709707,0.7382401271137597,-0.4559174464426979,0.3925048000831814,0.6170540578051876,0.6295111506502484,0.37514557390595193
1.0536936936936936,0.7393093199673197,-0.45423657581710136,0.3928796916164493,0.6176434221691158,0.6289531994845172,0.37635408667400283
1.0564164164164163,0.7403795290300904,-0.45255410761609444,0.39325126552552914,0.6182275709192041,0.6283919497599382,0.377562716970366
1.059139139139139,0.741450745269101,-0.4508700560403474,0.3936195218104206,0.618806504055452,0.6278274006661815,0.37877144463549806
1.0618618618618616,0.742522959651381,-0.44918443529053054,0.393984460471124,0.6193802215778602,0.6272595515108277,0.37998024950829523
1.0645845845845845,0.7435961631439596,-0.44749725956731395,0.3943460815076392,0.6199487234864283,0.6266884017195803,0.38118911142678225
1.0673073073073072,0.7446703467138658,-0.44580854307136836,0.394704384919966,0.620512009781156,0.6261139508364733,0.3823980102288031
1.0700300300300298,0.7457455013281291,-0.44411830000336383,0.39505937070810476,0.6210700804620438,0.6255361985240716,0.38360692575271554
1.0727527527527525,0.7468216179537785,-0.44242654456397074,0.39541103887205514,0.6216229355290914,0.6249551445636679,0.38481583783808604
1.0754754754754754,0.7478986875578435,-0.44073329095385916,0.3957593894118175,0.6221705749822991,0.6243707888554707,0.38602472632638873
1.078198198198198,0.7489767011073531,-0.4390385533736998,0.3961044223273915,0.6227129988216669,0.623783131418789,0.38723357106170503
1.0809209209209207,0.7500556495693368,-0.43734234602416283,0.39644613761877734,0.6232502070471942,0.6231921723922099,0.3884423518914264
1.0836436436436434,0.7511355239108235,-0.4356446831059186,0.396784535285975,0.6237821996588817,0.6225979120337697,0.3896510486669591
1.0863663663663663,0.7522163150988428,-0.4339455788196372,0.3971196153289844,0.624308976656729,0.6220003507211203,0.39085964124443073
1.089089089089089,0.7532980141004235,-0.4322450473659893,0.39745137774780565,0.6248305380407365,0.621399488951689,0.3920681094853979
1.0918118118118116,0.7543806118825953,-0.4305431029456449,0.3977798225424386,0.6253468838109035,0.6207953273428322,0.3932764332575585
1.0945345345345343,0.7554640994123871,-0.4288397597592744,0.3981049497128834,0.6258580139672306,0.6201878666319834,0.3944845924354625
1.097257257257257,0.7565484676568284,-0.4271350320075482,0.3984267592591399,0.6263639285097178,0.6195771076767952,0.3956925669012271
1.0999799799799799,0.7576337075829482,-0.4254289338911366,0.3987452511812083,0.6268646274383649,0.6189630514552746,0.3969003365452522
1.1027027027027025,0.7587198101577758,-0.42372147961070994,0.39906042547908854,0.6273601107531718,0.6183456990659132,0.3981078812669384
1.1054254254254252,0.7598067663483404,-0.4220126833669385,0.39937228215278037,0.6278503784541386,0.6177250517278106,0.3993151809754067
1.1081481481481479,0.7608945671216715,-0.4203025593604925,0.39968082120228404,0.6283354305412653,0.6171011107807927,0.4005222155902187
1.1108708708708708,0.7619832034447982,-0.41859112179204216,0.39998604262759957,0.628815267014552,0.6164738776855221,0.40172896504210015
1.1135935935935934,0.7630726662847496,-0.41687838486225814,0.4002879464287269,0.6292898878739986,0.615843354023605,0.402935409273664
1.1163163163163161,0.7641629466085549,-0.4151643627718107,0.40058653260566607,0.6297592931196053,0.6152095414976897,0.4041415282401368
1.1190390390390388,0.7652540353832435,-0.4134490697213699,0.4008818011584168,0.6302234827513717,0.6145724419315592,0.4053473019100855
1.1217617617617617,0.7663459235758447,-0.41173251991160614,0.4011737520869796,0.6306824567692982,0.6139320572702203,0.4065527102661453
1.1244844844844843,0.7674386021533877,-0.4100147275431899,0.401462385391354,0.6311362151733845,0.6132883895799823,0.4077577333057496
1.127207207207207,0.7685320620829015,-0.40829570681679134,0.40174770107154023,0.6315847579636308,0.6126414410485337,0.4089623510418605
1.1299299299299297,0.7696262943314155,-0.40657547193308097,0.40202969912753833,0.6320280851400372,0.6119912139850098,0.41016654350370124
1.1326526526526526,0.7707212898659591,-0.40485403709272866,0.4023083795593481,0.6324661967026032,0.6113377108200553,0.41137029073748926
1.1353753753753753,0.7718170396535613,-0.40313141649640527,0.40258374236696964,0.6328990926513292,0.6106809341058813,0.41257357280716966
1.138098098098098,0.7729135346612515,-0.4014076243447808,0.40285578755040313,0.6333267729862152,0.6100208865163149,0.4137763697951514
1.1408208208208206,0.7740107658560587,-0.3996826748385257,0.40312451510964825,0.633749237707261,0.6093575708468435,0.4149786618030429
1.1435435435435433,0.7751087242050123,-0.39795658217831004,0.4033899250447052,0.634166486814467,0.608690990014652,0.41618042895238927
1.1462662662662662,0.7762074006751418,-0.39622936056480434,0.40365201735557404,0.6345785203078328,0.608021147058655,0.41738165138541017
1.1489889889889888,0.7773067862334759,-0.39450102419867905,0.4039107920422545,0.6349853381873584,0.6073480451395225,0.4185823092657383
1.1517117117117115,0.7784068718470443,-0.3927715872806042,0.40416624910474686,0.635386940453044,0.606671687539698,0.4197823827791596
1.1544344344344342,0.7795076484828758,-0.39104106401125033,0.40441838854305096,0.6357833271048894,0.6059920776634125,0.4209818521343522
1.157157157157157,0.7806091071080001,-0.3893094685912874,0.4046672103571668,0.636174498142895,0.6053092190366904,0.42218069756362864
1.1598798798798797,0.7817112386894461,-0.38757681522138626,0.40491271454709465,0.6365604535670605,0.6046231153073509,0.4233788993236757
1.1626026026026024,0.7828140341942433,-0.3858431181022168,0.40515490111283403,0.6369411933773856,0.6039337702450014,0.42457643769629727
1.165325325325325,0.7839174845894208,-0.3841083914344495,0.4053937700543853,0.637316717573871,0.6032411877410266,0.425773292989156
1.168048048048048,0.7850215808420076,-0.3823726494187547,0.40562932137174834,0.6376870261565162,0.6025453718085696,0.4269694455365165
1.1707707707707706,0.7861263139190333,-0.3806359062558026,0.4058615550649232,0.6380521191253212,0.601846326582507,0.4281648756999881
1.1734934934934933,0.787231674787527,-0.37889817614626375,0.4060904711339099,0.6384119964802865,0.60114405631942,0.4293595638692681
1.176216216216216,0.7883376544145181,-0.37715947329080807,0.4063160695787082,0.6387666582214111,0.6004385653975559,0.43055349046288566
1.1789389389389386,0.7894442437670355,-0.37541981189010626,0.4065383503993185,0.6391161043486961,0.5997298583167858,0.43174663592894447
1.1816616616616615,0.7905514338121087,-0.37367920614482847,0.40675731359574047,0.6394603348621409,0.5990179396985553,0.43293898074586823
1.1843843843843842,0.7916592155167668,-0.37193767025564506,0.40697295916797427,0.6397993497617458,0.5983028142858287,0.43413050542314324
1.1871071071071069,0.792767579848039,-0.3701952184232263,0.4071852871160198,0.6401331490475103,0.5975844869430267,0.4353211905020625
1.1898298298298295,0.7938765177729548,-0.36845186484824244,0.40739429743987704,0.6404617327194347,0.5968629626559601,0.4365110165564702
1.1925525525525524,0.7949860202585433,-0.36670762373136373,0.4075999901395463,0.6407851007775193,0.5961382465317533,0.43769996419350476
1.195275275275275,0.7960960782718336,-0.3649625092732609,0.4078023652150273,0.6411032532217639,0.5954103437987661,0.43888801405434197
1.1979979979979978,0.7972066827798551,-0.3632165356746039,0.40800142266632,0.6414161900521683,0.5946792598065049,0.4400751468149397
1.2007207207207204,0.7983178247496369,-0.3614697171360632,0.40819716249342447,0.6417239112687326,0.5939450000255315,0.44126134318677956
1.2034434434434433,0.7994294951482085,-0.35972206785830874,0.4083895846963408,0.6420264168714568,0.5932075700473629,0.4424465839176108
1.206166166166166,0.8005416849425988,-0.3579736020420114,0.4085786892750688,0.6423237068603408,0.5924669755843667,0.44363084979219103
1.2088888888888887,0.8016543850998372,-0.3562243338878413,0.40876447622960876,0.642615781235385,0.5917232224696487,0.44481412163302947
1.2116116116116113,0.8027675865869528,-0.35447427759646877,0.4089469455599605,0.6429026399965893,0.5909763166569366,0.4459963803011276
1.2143343343343342,0.8038812803709752,-0.35272344736856387,0.40912609726612387,0.643184283143953,0.5902262642204542,0.44717760669672046
1.217057057057057,0.8049954574189333,-0.35097185740479714,0.40930193134809906,0.6434607106774768,0.5894730713547933,0.44835778176001573
1.2197797797797796,0.8061101086978566,-0.34921952190583877,0.40947444780588604,0.6437319225971605,0.5887167443747756,0.4495368864719342
1.2225025025025023,0.807225225174774,-0.3474664550723593,0.40964364663948494,0.6439979189030043,0.587957289715312,0.45071490185484764
1.225225225225225,0.8083407978167149,-0.345712671105029,0.4098095278488956,0.6442586995950081,0.5871947139312524,0.4518918089733175
1.2279479479479478,0.8094568175907086,-0.34395818420451785,0.409972091434118,0.6445142646731717,0.5864290236972323,0.45306758893483157
1.2306706706706705,0.8105732754637842,-0.34220300857149666,0.4101313373951521,0.6447646141374951,0.5856602258075108,0.45424222289053967
1.2333933933933932,0.8116901624029712,-0.3404471584066353,0.41028726573199814,0.6450097479879785,0.5848883271758043,0.45541569203598964
1.2361161161161158,0.8128074693752985,-0.33869064791060444,0.4104398764446558,0.6452496662246219,0.5841133348351135,0.4565879776118606
1.2388388388388387,0.8139251873477957,-0.3369334912840739,0.4105891695331254,0.6454843688474251,0.5833352559375431,0.4577590609046971
1.2415615615615614,0.8150433072874917,-0.3351757027277146,0.41073514499740676,0.6457138558563884,0.5825540977541179,0.45892892324763956
1.244284284284284,0.8161618201614159,-0.33341729644219653,0.4108778028374998,0.6459381272515115,0.5817698676745902,0.46009754602115605
1.2470070070070067,0.8172807169365975,-0.3316582866281901,0.41101714305340475,0.6461571830327946,0.5809825732072429,0.4612649106537718
1.2497297297297296,0.8183999885800659,-0.3298986874863653,0.4111531656451215,0.6463710232002375,0.5801922219786857,0.4624309986227967
1.2524524524524523,0.81951962605885,-0.3281385132173932,0.41128587061264993,0.6465796477538405,0.5793988217336459,0.46359579145505203
1.255175175175175,0.8206396203399793,-0.32637777802194345,0.41141525795599027,0.6467830566936034,0.5786023803347519,0.46475927072759693
1.2578978978978976,0.821759962390483,-0.32461649610068655,0.4115413276751423,0.646981250019526,0.5778029057623124,0.4659214180684511
1.2606206206206205,0.8228806431773903,-0.32285468165429276,0.41166407977010605,0.6471742277316086,0.5770004061140883,0.4670822151573174
1.2633433433433432,0.8240016536677304,-0.3210923488834325,0.4117835142408817,0.6473619898298514,0.5761948896050596,0.46824164372630295
1.2660660660660659,0.8251229848285324,-0.3193295119887761,0.4118996310874692,0.647544536314254,0.5753863645671847,0.46939968556063794
1.2687887887887885,0.826244627626826,-0.3175661851709938,0.41201243030986834,0.6477218671848164,0.5745748394491554,0.4705563224993933
1.2715115115115112,0.82736657302964,-0.3158023826307559,0.41212191190807934,0.6478939824415388,0.5737603228161464,0.4717115364361957
1.274234234234234,0.8284888120040039,-0.31403811856873276,0.41222807588210214,0.6480608820844211,0.5729428233495558,0.4728653093199424
1.2769569569569568,0.8296113355169468,-0.3122734071855947,0.41233092223193674,0.6482225661134634,0.5721223498467436,0.47401762315551227
1.2796796796796794,0.8307341345354977,-0.31050826268201204,0.41243045095758313,0.6483790345286657,0.5712989112207616,0.4751684600044762
1.282402402402402,0.8318572000266864,-0.30874269925865505,0.4125266620590412,0.6485302873300277,0.5704725165000781,0.47631780198580553
1.285125125125125,0.8329805229575418,-0.30697673111619406,0.4126195555363112,0.6486763245175499,0.569643174828298,0.4774656312765772
1.2878478478478477,0.8341040942950931,-0.30521037245529936,0.41270913138939286,0.6488171460912318,0.5688108954638746,0.47861193011267844
1.2905705705705703,0.8352279050063697,-0.3034436374766414,0.4127953896182864,0.6489527520510736,0.5679756877798189,0.47975668078950806
1.293293293293293,0.8363519460584006,-0.3016765403808904,0.4128783302229918,0.6490831423970757,0.5671375612633991,0.48089986566267645
1.296016016016016,0.8374762084182154,-0.29990909536871657,0.41295795320350887,0.6492083171292373,0.5662965255158383,0.48204146714870283
1.2987387387387386,0.838600683052843,-0.29814131664079035,0.41303425855983766,0.6493282762475588,0.5654525902520038,0.48318146772570975
1.3014614614614612,0.8397253609293126,-0.2963732183977822,0.4131072462919783,0.6494430197520404,0.5646057653000915,0.48431984993411625
1.304184184184184,0.8408502330146538,-0.29460481484036216,0.4131769163999308,0.649552547642682,0.563756060601305,0.4854565963773287
1.3069069069069066,0.8419752902758956,-0.2928361201692007,0.41324326888369506,0.6496568599194835,0.5629034862095288,0.48659168972242695
1.3096296296296295,0.8431005236800672,-0.29106714858496807,0.41330630374327115,0.649755956582445,0.5620480522909947,0.48772511270085106
1.3123523523523521,0.844225924194198,-0.2892979142883345,0.4133660209786589,0.6498498376315661,0.5611897691239451,0.4888568481090835
1.3150750750750748,0.8453514827853171,-0.28752843147997054,0.4134224205898585,0.6499385030668475,0.5603286470982884,0.4899868788093288
1.3177977977977975,0.8464771904204538,-0.28575871436054634,0.4134755025768698,0.6500219528882886,0.5594646967152495,0.49111518773019175
1.3205205205205204,0.8476030380666375,-0.283988777130732,0.41352526693969305,0.6501001870958896,0.5585979285870148,0.49224175786735147
1.323243243243243,0.848729016690897,-0.2822186339911985,0.41357171367832807,0.6501732056896508,0.5577283534363733,0.49336657228423264
1.3259659659659657,0.8498551172602617,-0.2804482991426156,0.4136148427927748,0.6502410086695717,0.5568559820963479,0.49448961411267645
1.3286886886886884,0.8509813307417612,-0.2786777867856538,0.4136546542830334,0.6503035960356526,0.5559808255098269,0.49561086655360476
1.3314114114114113,0.8521076481024246,-0.2769071111209831,0.41369114814910374,0.6503609677878934,0.5551028947291852,0.49673031287768443
1.334134134134134,0.8532340603092807,-0.27513628634927423,0.4137243243909858,0.6504131239262939,0.554222200915903,0.49784793642598657
1.3368568568568566,0.854360558329359,-0.2733653266711976,0.4137541830086797,0.6504600644508548,0.5533387553401783,0.4989637206106446
1.3395795795795793,0.8554871331296889,-0.271594246287423,0.4137807240021854,0.6505017893615752,0.5524525693805329,0.5000776489155083
1.3423023023023022,0.8566137756772996,-0.2698230593986213,0.41380394737150283,0.6505382986584558,0.5515636545234153,0.5011897048967936
1.3450250250250249,0.8577404769392202,-0.2680517802054624,0.4138238531166322,0.6505695923414963,0.5506720223627966,0.5022998721837317
1.3477477477477475,0.85886722788248,-0.26628042290861664,0.4138404412375732,0.6505956704106965,0.5497776845997617,0.5034081344792125
1.3504704704704702,0.8599940194741083,-0.2645090017087546,0.4138537117343261,0.650616532866057,0.5488806530420957,0.5045144755604262
1.3531931931931929,0.8611208426811341,-0.2627375308065466,0.4138636646068907,0.6506321797075771,0.5479809396038635,0.5056188792795009
1.3559159159159158,0.862247688470587,-0.2609660244026625,0.413870299855267,0.6506426109352571,0.5470785563049866,0.5067213295641377
1.3586386386386384,0.8633745478094959,-0.25919449669777317,0.41387361747945534,0.6506478265490974,0.546173515270813,0.5078218104182405
1.361361361361361,0.8645014116648901,-0.25742296189254876,0.4138736174794554,0.6506478265490975,0.5452658287316828,0.5089203059225446
1.3640840840840838,0.865628271003799,-0.25565143418765934,0.4138702998552672,0.6506426109352574,0.5443555090224879,0.5100168002352397
1.3668068068068067,0.8667551167932521,-0.2538799277837751,0.4138636646068907,0.6506321797075771,0.5434425685822275,0.5111112775925916
1.3695295295295293,0.867881940000278,-0.252108456881567,0.41385371173432595,0.6506165328660567,0.5425270199535595,0.5122037223095566
1.372252252252252,0.869008731591906,-0.2503370356817052,0.41384044123757324,0.6505956704106967,0.5416088757823436,0.5132941187803971
1.3749749749749747,0.8701354825351659,-0.24856567838485932,0.4138238531166322,0.6505695923414963,0.5406881488171833,0.5143824514792898
1.3776976976976976,0.8712621837970865,-0.24679439919170043,0.413803947371503,0.6505382986584559,0.5397648519089611,0.5154687049609306
1.3804204204204202,0.872388826344697,-0.2450232123028987,0.4137807240021854,0.6505017893615753,0.5388389980103683,0.5165528638611365
1.383143143143143,0.873515401145027,-0.24325213191912431,0.41375418300867967,0.6504600644508547,0.5379106001754317,0.5176349128974449
1.3858658658658656,0.8746418991651055,-0.24148117224104737,0.4137243243909858,0.6504131239262941,0.5369796715590343,0.5187148368697057
1.3885885885885885,0.8757683113719619,-0.2397103474693384,0.41369114814910374,0.6503609677878934,0.5360462254164309,0.5197926206606716
1.3913113113113111,0.876894628732625,-0.2379396718046678,0.4136546542830334,0.6503035960356526,0.535110275102761,0.5208682492365846
1.3940340340340338,0.8780208422141242,-0.2361691594477061,0.4136148427927749,0.6502410086695717,0.5341718340725543,0.5219417076477575
1.3967567567567565,0.8791469427834893,-0.2343988245991232,0.41357171367832796,0.6501732056896506,0.5332309158792332,0.5230129810291522
1.3994794794794791,0.8802729214077487,-0.2326286814595896,0.41352526693969305,0.6501001870958897,0.5322875341746114,0.5240820546009519
1.402202202202202,0.8813987690539323,-0.23085874422977548,0.41347550257686994,0.6500219528882887,0.5313417027083852,0.5251489136691322
1.4049249249249247,0.882524476689069,-0.2290890271103514,0.4134224205898586,0.6499385030668476,0.5303934353276241,0.5262135436260252
1.4076476476476474,0.8836500352801882,-0.2273195443019872,0.4133660209786589,0.6498498376315661,0.529442745976253,0.527275929950881
1.41037037037037,0.8847754357943189,-0.22555031000535375,0.41330630374327104,0.6497559565824448,0.528489648694533,0.5283360582104238
1.413093093093093,0.8859006691984905,-0.22378133842112125,0.41324326888369506,0.6496568599194835,0.5275341576185364,0.5293939140594046
1.4158158158158156,0.8870257264597323,-0.22201264374995955,0.41317691639993087,0.6495525476426821,0.5265762869796169,0.530449483241149
1.4185385385385383,0.8881505985450733,-0.22024424019253985,0.4131072462919784,0.6494430197520407,0.5256160511038772,0.5315027515880999
1.421261261261261,0.8892752764215432,-0.21847614194953136,0.41303425855983766,0.6493282762475587,0.52465346441163,0.532553705022358
1.4239839839839838,0.8903997510561708,-0.21670836322160525,0.41295795320350887,0.6492083171292373,0.5236885414168577,0.5336023295562137
1.4267067067067065,0.8915240134159855,-0.2149409182094313,0.41287833022299175,0.6490831423970754,0.5227212967266645,0.5346486112926797
1.4294294294294292,0.8926480544680164,-0.21317382111368044,0.4127953896182865,0.6489527520510737,0.5217517450407275,0.5356925364260139
1.4321521521521519,0.893771865179293,-0.21140708613502257,0.4127091313893929,0.6488171460912318,0.5207799011507415,0.5367340912422415
1.4348748748748748,0.8948954365168444,-0.20964072747412743,0.4126195555363112,0.6486763245175498,0.5198057799398601,0.5377732621196702
1.4375975975975974,0.8960187594476997,-0.20787475933166677,0.4125266620590412,0.6485302873300277,0.5188293963821353,0.5388100355294007
1.44032032032032,0.8971418249388883,-0.20610919590830978,0.4124304509575831,0.6483790345286656,0.5178507655419485,0.5398443980358346
1.4430430430430428,0.8982646239574394,-0.204344051404727,0.41233092223193674,0.6482225661134634,0.5168699025734413,0.5408763362971751
1.4457657657657654,0.8993871474703823,-0.20257934002158906,0.41222807588210214,0.6480608820844211,0.5158868227199416,0.5419058370659232
1.4484884884884883,0.9005093864447461,-0.20081507595956594,0.4121219119080794,0.647893982441539,0.5149015413133845,0.5429328871893707
1.451211211211211,0.9016313318475602,-0.19905127341932793,0.41201243030986834,0.6477218671848164,0.5139140737737314,0.5439574736100863
1.4539339339339337,0.9027529746458536,-0.1972879466015457,0.4118996310874692,0.647544536314254,0.5129244356083837,0.5449795833663977
1.4566566566566563,0.9038743058066558,-0.1955251097068892,0.41178351424088183,0.6473619898298515,0.5119326424115938,0.5459992035928689
1.4593793793793792,0.9049953162969959,-0.19376277693602884,0.41166407977010616,0.6471742277316089,0.5109387098638716,0.5470163215207721
1.462102102102102,0.9061159970839032,-0.19200096248963516,0.41154132767514234,0.6469812500195262,0.5099426537313883,0.548030924478554
1.4648248248248246,0.9072363391344068,-0.19023968056837826,0.4114152579559901,0.6467830566936033,0.5089444898653762,0.5490429998922984
1.4675475475475472,0.908356333415536,-0.18847894537292864,0.41128587061265004,0.6465796477538406,0.507944234201525,0.5500525352861826
1.4702702702702701,0.9094759708943203,-0.18671877110395618,0.4111531656451215,0.6463710232002375,0.5069419027593743,0.551059518282929
1.4729929929929928,0.9105952425377887,-0.18495917196213152,0.4110171430534048,0.6461571830327947,0.5059375116417035,0.5520639366042508
1.4757157157157155,0.9117141393129702,-0.18320016214812507,0.41087780283749986,0.6459381272515116,0.5049310770339177,0.5530657780712935
1.4784384384384381,0.9128326521868944,-0.18144175586260713,0.41073514499740665,0.6457138558563883,0.5039226152034298,0.5540650306050715
1.481161161161161,0.9139507721265906,-0.17968396730624747,0.4105891695331253,0.645484368847425,0.5029121424990407,0.5550616822268973
1.4838838838838837,0.9150684900990876,-0.17792681067971727,0.4104398764446558,0.6452496662246219,0.5018996753503157,0.5560557210588072
1.4866066066066064,0.916185797071415,-0.1761703001836863,0.41028726573199814,0.6450097479879785,0.5008852302669565,0.5570471353239814
1.489329329329329,0.9173026840106019,-0.17441445001882516,0.4101313373951521,0.6447646141374951,0.4998688238381722,0.5580359133471582
1.4920520520520517,0.9184191418836775,-0.17265927438580397,0.40997209143411795,0.6445142646731715,0.4988504727320453,0.5590220435550428
1.4947747747747746,0.9195351616576712,-0.1709047874852927,0.4098095278488955,0.644258699595008,0.4978301936948958,0.5600055144767118
1.4974974974974973,0.9206507342996122,-0.16915100351796242,0.409643646639485,0.6439979189030045,0.49680800355064225,0.5609863147440095
1.50022022022022,0.9217658507765297,-0.16739793668448277,0.4094744478058862,0.6437319225971608,0.49578391920015963,0.5619644330919426
1.5029429429429426,0.9228805020554529,-0.16564560118552452,0.40930193134809917,0.6434607106774769,0.4947579576206338,0.5629398583590652
1.5056656656656655,0.9239946791034109,-0.16389401122175784,0.4091260972661238,0.6431842831439528,0.49373013586491443,0.5639125794878619
1.5083883883883882,0.9251083728874332,-0.16214318099385305,0.4089469455599604,0.6429026399965889,0.4927004710608638,0.5648825855251228
1.5111111111111108,0.926221574374549,-0.16039312470248035,0.4087644762296088,0.6426157812353851,0.4916689804107037,0.5658498656223139
1.5138338338338335,0.9273342745317873,-0.15864385654831037,0.40857868927506885,0.642323706860341,0.49063568119035994,0.5668144090359417
1.5165565565565564,0.9284464643261778,-0.15689539073201264,0.40838958469634074,0.6420264168714567,0.4896005907488023,0.5677762051279125
1.519279279279279,0.9295581347247491,-0.1551477414542588,0.40819716249342447,0.6417239112687326,0.4885637265073858,0.5687352433658842
1.5220020020020018,0.930669276694531,-0.15340092291571794,0.40800142266632,0.6414161900521683,0.4875251059591841,0.5696915133236162
1.5247247247247244,0.9317798812025524,-0.15165494931706103,0.4078023652150274,0.6411032532217641,0.48648474666832564,0.5706450046813087
1.527447447447447,0.9328899392158427,-0.14990983485895804,0.40759999013954634,0.6407851007775195,0.48544266626932375,0.5715957072259403
1.53017017017017,0.9339994417014312,-0.1481655937420795,0.4073942974398772,0.6404617327194351,0.4843988824664064,0.5725436108515973
1.5328928928928927,0.9351083796263471,-0.14642224016709549,0.40718528711601976,0.6401331490475103,0.4833534130328424,0.5734887055597984
1.5356156156156153,0.9362167439576192,-0.14467978833467687,0.40697295916797427,0.6397993497617458,0.4823062758102668,0.5744309814598125
1.538338338338338,0.9373245256622775,-0.1429382524454933,0.40675731359574047,0.639460334862141,0.48125748870800145,0.5753704287689732
1.5410610610610609,0.9384317157073507,-0.14119764670021528,0.4065383503993185,0.6391161043486961,0.48020706970237736,0.5763070378129824
1.5437837837837836,0.9395383050598681,-0.13945798529951348,0.4063160695787082,0.6387666582214112,0.47915503683605115,0.5772407990262143
1.5465065065065062,0.940644284686859,-0.13771928244405796,0.40609047113390984,0.6384119964802861,0.4781014082173215,0.5781717029520078
1.549229229229229,0.9417496455553527,-0.13598155233451914,0.4058615550649232,0.6380521191253213,0.47704620201944314,0.5790997402429574
1.5519519519519518,0.9428543786323786,-0.1342448091715669,0.40562932137174834,0.6376870261565162,0.4759894364799389,0.5800249016611946
1.5546746746746745,0.9439584748849654,-0.13250906715587218,0.40539377005438537,0.6373167175738711,0.4749311298999107,0.5809471780786649
1.5573973973973971,0.9450619252801429,-0.13077434048810477,0.40515490111283403,0.6369411933773856,0.47387130064334626,0.5818665604774003
1.5601201201201198,0.94616472078494,-0.1290406433689355,0.4049127145470945,0.6365604535670604,0.47280996713642715,0.582783039949782
1.5628428428428427,0.9472668523663861,-0.12730798999903403,0.40466721035716674,0.6361744981428948,0.4717471478668328,0.5836966076988013
1.5655655655655654,0.9483683109915104,-0.12557639457907133,0.40441838854305096,0.6357833271048894,0.4706828613830445,0.5846072550383103
1.568288288288288,0.949469087627342,-0.12384587130971758,0.4041662491047469,0.635386940453044,0.46961712629364627,0.5855149733932704
1.5710110110110107,0.9505691732409103,-0.12211643439164266,0.4039107920422545,0.6349853381873584,0.468549961266625,0.5864197542999919
1.5737337337337334,0.9516685587992444,-0.12038809802551742,0.403652017355574,0.6345785203078327,0.4674813850286697,0.5873215894063684
1.5764564564564563,0.9527672352693738,-0.11866087641201162,0.40338992504470517,0.6341664868144667,0.46641141636446737,0.5882204704721056
1.579179179179179,0.9538651936183274,-0.11693478375179611,0.4031245151096483,0.6337492377072612,0.46534007411599987,0.589116389368943
1.5819019019019016,0.9549624248131348,-0.11520983424554088,0.4028557875504032,0.6333267729862153,0.46426737718183775,0.59000933808087
1.5846246246246243,0.9560589198208248,-0.11348604209391655,0.4025837423669698,0.6328990926513293,0.46319334451643324,0.590899308704336
1.5873473473473472,0.957154669608427,-0.11176342149759322,0.4023083795593481,0.6324661967026032,0.4621179951294123,0.5917862934484539
1.5900700700700698,0.9582496651429704,-0.11004198665724096,0.40202969912753833,0.6320280851400372,0.4610413480848653,0.592670284635197
1.5927927927927925,0.9593438973914846,-0.10832175177353043,0.40174770107154034,0.6315847579636309,0.45996342250063627,0.5935512746995908
1.5955155155155152,0.9604373573209986,-0.1066027310471318,0.401462385391354,0.6311362151733845,0.4588842375476122,0.5944292561898978
1.598238238238238,0.9615300358985415,-0.10488493867871551,0.4011737520869796,0.6306824567692982,0.45780381244900953,0.5953042217677958
1.6009609609609607,0.9626219240911427,-0.10316838886895174,0.4008818011584168,0.6302234827513717,0.4567221664796616,0.5961761642085511
1.6036836836836834,0.9637130128658313,-0.10145309581851103,0.40058653260566607,0.6297592931196052,0.4556393189653034,0.5970450764011841
1.606406406406406,0.9648032931896365,-0.09973907372806368,0.40028794642872706,0.6292898878739989,0.45455528928185746,0.5979109513486289
1.609129129129129,0.965892756029588,-0.09802633679827955,0.39998604262759974,0.6288152670145523,0.4534700968547164,0.5987737821678885
1.6118518518518516,0.9669813923527146,-0.09631489922982928,0.3996808212022841,0.6283354305412654,0.452383761158028,0.5996335620901798
1.6145745745745743,0.9680691931260457,-0.09460477522338329,0.3993722821527803,0.6278503784541385,0.45129630171397644,0.6004902844610767
1.617297297297297,0.9691561493166103,-0.09289597897961188,0.39906042547908854,0.6273601107531718,0.45020773809206516,0.6013439427406431
1.6200200200200197,0.970242251891438,-0.09118852469918504,0.3987452511812083,0.6268646274383649,0.44911808990839724,0.6021945305035633
1.6227427427427425,0.9713274918175578,-0.0894824265827735,0.39842675925914006,0.626363928509718,0.44802737682495786,0.6030420414392617
1.6254654654654652,0.972411860061999,-0.08777769883104736,0.3981049497128834,0.6258580139672307,0.4469356185488934,0.6038864693520201
1.628188188188188,0.9734953475917907,-0.08607435564467703,0.39777982254243865,0.6253468838109036,0.44584283483179243,0.6047278081610867
1.6309109109109106,0.9745779453739625,-0.08437241122433259,0.39745137774780565,0.6248305380407364,0.4447490454689645,0.6055660519007795
1.6336336336336335,0.9756596443755435,-0.08267187977068424,0.3971196153289844,0.624308976656729,0.44365427029872057,0.6064011947205818
1.6363563563563561,0.9767404355635627,-0.08097277548440296,0.396784535285975,0.6237821996588817,0.4425585292016523,0.6072332308852335
1.6390790790790788,0.9778203099050493,-0.07927511256615905,0.3964461376187774,0.6232502070471944,0.4414618420999101,0.608062154774815
1.6418018018018015,0.9788992583670331,-0.07757890521662181,0.39610442232739146,0.6227129988216666,0.4403642289564821,0.6088879608848248
1.6445245245245244,0.9799772719165427,-0.07588416763646233,0.3957593894118173,0.622170574982299,0.43926570977447454,0.60971064382625
1.647247247247247,0.9810543415206074,-0.07419091402635125,0.3954110388720553,0.6216229355290916,0.4381663045963893,0.6105301983256319
1.6499699699699697,0.982130458146257,-0.07249915858695799,0.3950593707081048,0.6210700804620439,0.43706603350340223,0.6113466192251247
1.6526926926926924,0.9832056127605202,-0.07080891551895363,0.39470438491996607,0.6205120097811561,0.43596491661464415,0.6121599014825465
1.655415415415415,0.9842797963304266,-0.0691201990230077,0.39434608150763906,0.6199487234864279,0.4348629740864779,0.6129700401714261
1.658138138138138,0.9853529998230052,-0.06743302329979117,0.3939844604711239,0.61938022157786,0.4337602261117794,0.6137770304810415
1.6608608608608606,0.9864252142052852,-0.06574740254997424,0.39361952181042076,0.6188065040554521,0.43265669291921605,0.6145808677164535
1.6635835835835833,0.9874964304442958,-0.06406335097422722,0.39325126552552925,0.6182275709192041,0.43155239477252716,0.615381547298532
1.666306306306306,0.9885666395070665,-0.0623808827732204,0.3928796916164494,0.6176434221691159,0.4304473519698042,0.6161790647639762
1.6690290290290288,0.9896358323606264,-0.06070001214762388,0.3925048000831814,0.6170540578051876,0.4293415848427716,0.6169734157653286
1.6717517517517515,0.9907039999720046,-0.0590207532981083,0.39212659092572527,0.6164594778274194,0.42823511375606793,0.6177645960709817
1.6744744744744742,0.9917711333082304,-0.05734312042534395,0.39174506414408106,0.6158596822358111,0.42712795910652784,0.6185526015651803
1.6771971971971968,0.9928372233363336,-0.055667127730000376,0.3913602197382483,0.6152546710303625,0.42602014132246335,0.6193374282480153
1.6799199199199197,0.9939022610233426,-0.0539927894127491,0.3909720577082274,0.6146444442110739,0.42491168086294917,0.620119072235412
1.6826426426426424,0.994966237336287,-0.052320119674259646,0.39058057805401836,0.6140290017779453,0.42380259821710364,0.6208975297591124
1.685365365365365,0.9960291432421959,-0.05064913271520288,0.3901857807756212,0.6134083437309767,0.4226929139033753,0.6216727971666508
1.6880880880880877,0.9970909697080989,-0.04897984273624856,0.3897876658730358,0.612782470070168,0.42158264846882665,0.6224448709213231
1.6908108108108106,0.9981517077010248,-0.04731226393806731,0.38938623334626227,0.6121513807955193,0.4204718224884213,0.6232137476021486
1.6935335335335333,0.9992113481880031,-0.04564641052132934,0.3889814831953003,0.6115150759070304,0.4193604565643104,0.6239794239038288
1.696256256256256,1.0002698821360632,-0.0439822966867045,0.38857341542015,0.610873555404701,0.4182485713251207,0.6247418966366949
1.6989789789789786,1.0013273005122336,-0.04231993663486422,0.38816203002081184,0.6102268192885322,0.4171361874252447,0.6255011627266531
1.7017017017017013,1.0023835942835446,-0.04065934456647813,0.3877473269972855,0.6095748675585233,0.416023325544128,0.6262572192151228
1.7044244244244242,1.0034387544170245,-0.039000534682216426,0.38732930634957063,0.608917700214674,0.4149100063855637,0.6270100632589658
1.7071471471471469,1.004492771879703,-0.03734352118274986,0.3869079680776678,0.6082553172569847,0.41379625067698234,0.6277596921304132
1.7098698698698696,1.0055456376386092,-0.0356883182687483,0.3864833121815765,0.6075877186854552,0.412682079168747,0.6285061032169821
1.7125925925925922,1.0065973426607724,-0.034034940140882486,0.38605533866129726,0.606914904500086,0.4115675126334474,0.6292492940213897
1.7153153153153151,1.007647877913222,-0.032383400999822065,0.38562404751682966,0.6062368747008764,0.4104525718651961,0.6299892621614578
1.7180380380380378,1.008697234362987,-0.03073371504623812,0.3851894387481739,0.605553629287827,0.40933727767892736,0.630726005370013
1.7207607607607605,1.0097454029770967,-0.02908589648080051,0.3847515123553298,0.6048651682609372,0.40822165090969414,0.6314595214947802
1.7234834834834831,1.0107923747225804,-0.027439959504179767,0.38431026833829757,0.6041714916202074,0.40710571241197024,0.6321898084982699
1.726206206206206,1.0118381405664674,-0.025795918317045974,0.38386570669707715,0.6034725993656377,0.4059894830589519,0.6329168644576584
1.7289289289289287,1.0128826914757867,-0.02415378712006966,0.3834178274316686,0.6027684914972279,0.40487298374186126,0.6336406875646632
1.7316516516516514,1.0139260184175674,-0.02251358011392124,0.38296663054207186,0.6020591680149782,0.4037562353692522,0.6343612761254106
1.734374374374374,1.0149681123588392,-0.020875311499270688,0.3825121160282867,0.601344628918888,0.4026392588663163,0.6350786285602992
1.737097097097097,1.0160089642666312,-0.019238995476788312,0.3820542838903134,0.6006248742089579,0.40152207517419286,0.6357927434038545
1.7398198198198196,1.0170485651079724,-0.017604646247144973,0.3815931341281518,0.5998999038851878,0.40040470524927907,0.6365036193045791
1.7425425425425423,1.0180869058498923,-0.01597227801101042,0.3811286667418022,0.5991697179475776,0.39928717006254144,0.6372112550247968
1.745265265265265,1.0191239774594198,-0.014341904969055408,0.3806608817312644,0.5984343163961274,0.39816949059883167,0.6379156494404894
1.7479879879879876,1.020159770903585,-0.012713541321949573,0.38018977909653817,0.5976936992308369,0.39705168785620115,0.6386168015411289
1.7507107107107105,1.0211942771494158,-0.011087201270364,0.37971535883762375,0.5969478664517064,0.39593378284522157,0.6393147104295007
1.7534334334334332,1.0222274871639425,-0.009462899014968662,0.37923762095452135,0.5961968180587359,0.3948157965883021,0.640009375321525
1.7561561561561558,1.023259391914194,-0.007840648756433644,0.3787565654472306,0.5954405540519254,0.3936977501190144,0.6407007955460684
1.7588788788788785,1.0242899823671994,-0.006220464695429917,0.37827219231575177,0.5946790744312749,0.3925796644814155,0.6413889705447504
1.7616016016016014,1.025319249489988,-0.0046023610326272335,0.37778450156008453,0.5939123791967841,0.39146156072937566,0.6420738998717448
1.764324324324324,1.0263471842495893,-0.0029863519686961215,0.37729349318022914,0.5931404683484534,0.390343459925906,0.6427555831935747
1.7670470470470467,1.0273737776130325,-0.0013724517043063322,0.37679916717618545,0.5923633418862824,0.3892253831424905,0.6434340202889
1.7697697697697694,1.0283990205473463,0.0002393255598707178,0.37630152354795376,0.5915809998102717,0.38810735145842035,0.6441092110483002
1.7724924924924923,1.0294229040195606,0.0018489656231658325,0.37580056229553377,0.5907934421204205,0.38698938596012744,0.6447811554740523
1.775215215215215,1.0304454189967043,0.0034564542849077062,0.3752962834189254,0.5900006688167294,0.3858715077405256,0.6454498536798993
1.7779379379379376,1.0314665564458063,0.005061777344426588,0.374788686918129,0.5892026798991983,0.384753737898349,0.6461153058908162
1.7806606606606603,1.0324863073338966,0.006664920601052282,0.37427777279314434,0.5883994753678271,0.3836360975374965,0.646777512442769
1.7833833833833832,1.0335046626280042,0.00826586985411426,0.37376354104397147,0.5875910552226157,0.3825186077663778,0.6474364737824654
1.7861061061061059,1.034521613295158,0.009864610902942106,0.37324599167061046,0.5867774194635644,0.3814012896972619,0.6480921904671035
1.7888288288288285,1.0355371503023874,0.011461129546865623,0.37272512467306107,0.5859585680906729,0.38028416444562746,0.6487446631641116
1.7915515515515512,1.0365512646167216,0.013055411585214172,0.37220094005132354,0.5851345011039414,0.3791672531295174,0.649393892650884
1.7942742742742739,1.03756394720519,0.014647442817318224,0.3716734378053978,0.5843052185033698,0.37805057686889487,0.6500398798145091
1.7969969969969968,1.0385751890348218,0.016237209042506584,0.37114261793528397,0.5834707202889582,0.37693415678500375,0.6506826256514935
1.7997197197197194,1.0395849810726463,0.017824696060109724,0.37060848044098194,0.5826310064607064,0.37581801399972947,0.6513221312674788
1.8024424424424421,1.0405933142856922,0.019409889669456448,0.37007102532249153,0.5817860770186147,0.3747021696349654,0.6519583978769536
1.8051651651651648,1.0416001796409895,0.02099277566987734,0.3695302525798128,0.5809359319626827,0.3735866448119795,0.65259142680296
1.8078878878878877,1.0426055681055673,0.02257333986070187,0.36898616221294606,0.5800805712929106,0.3724714606507864,0.6532212194767921
1.8106106106106103,1.0436094706464543,0.024151568041259175,0.3684387542218911,0.5792199950092987,0.3713566382695217,0.6538477774376917
1.813333333333333,1.0446118782306804,0.025727446010879507,0.36788802860664793,0.5783542031118466,0.37024219878381703,0.6544711023325366
1.8160560560560557,1.045612781825274,0.027300959568892003,0.3673339853672165,0.5774831956005545,0.3691281633061829,0.6550911959155231
1.8187787787787786,1.046612172397265,0.02887209451462691,0.3667766245035968,0.5766069724754221,0.36801455294538965,0.6557080600478442
1.8215015015015013,1.0476100409136828,0.030440836647413594,0.36621594601578894,0.5757255337364497,0.3669013888058546,0.6563216966973606
1.824224224224224,1.0486063783415562,0.032007171766581965,0.36565194990379307,0.5748388793836375,0.3657886919870328,0.6569321079382666
1.8269469469469466,1.0496011756479142,0.033571085671461276,0.36508463616760883,0.5739470094169851,0.3646764835828089,0.6575392959507511
1.8296696696696695,1.0505944237997868,0.035132564161381996,0.36451400480723617,0.5730499238364923,0.36356478468089237,0.6581432630206523
1.8323923923923922,1.0515861137642026,0.03669159303567293,0.3639400558226756,0.5721476226421598,0.36245361636221995,0.6587440115391063
1.8351151151151148,1.0525762365081914,0.03824815809366433,0.36336278921392656,0.571240105833987,0.3613429997003554,0.6593415440021924
1.8378378378378375,1.053564782998782,0.039802245134685776,0.3627822049809896,0.5703273734119745,0.360232955760898,0.6599358630105694
1.8405605605605602,1.0545517442030035,0.04135383995806663,0.3621983031238643,0.5694094253761216,0.3591235056008917,0.66052697126911
1.843283283283283,1.0555371110878853,0.04290292836313703,0.36161108364255073,0.5684862617264287,0.35801467026823786,0.661114871586528
1.8460060060060057,1.056520874620457,0.04444949614922633,0.36102054653704885,0.5675578824628955,0.35690647080111265,0.6616995668749995
1.8487287287287284,1.0575030257677476,0.045993529115664455,0.3604266918073588,0.5666242875855223,0.3557989282273878,0.6622810601497802
1.851451451451451,1.0584835554967862,0.04753501306178087,0.3598295194534809,0.5656854770943096,0.3546920635640538,0.6628593545288156
1.854174174174174,1.0594624547746019,0.04907393378690528,0.3592290294754146,0.5647414509892565,0.35358589781664806,0.6634344532323484
1.8568968968968966,1.0604397145682247,0.05061027709036792,0.3586252218731598,0.563792209270363,0.35248045197868555,0.6640063595825177
1.8596196196196193,1.0614153258446828,0.052144028771497486,0.358018096646717,0.5628377519376296,0.35137574703109575,0.6645750770029547
1.862342342342342,1.0623892795710064,0.05367517462962457,0.35740765379608586,0.561878078991056,0.35027180394165847,0.6651406090183729
1.8650650650650649,1.063361566714224,0.05520370046407841,0.3567938933212669,0.5609131904306429,0.34916864366444955,0.6657029592541526
1.8677877877877875,1.064332178241365,0.056729592074188595,0.35617681522225936,0.5599430862563892,0.3480662871392849,0.6662621314359201
1.8705105105105102,1.0653011051194587,0.05825283525928482,0.35555641949906375,0.5589677664682956,0.34696475529117204,0.6668181293891231
1.8732332332332329,1.0662683383155347,0.05977341581869733,0.35493270615167977,0.5579872310663617,0.3458640690297635,0.6673709570385993
1.8759559559559555,1.067233868796622,0.061291319551755485,0.3543056751801075,0.5570014800505877,0.344764249248816,0.6679206184081402
1.8786786786786784,1.0681976875297496,0.06280653225778843,0.3536753265843476,0.5560105134209744,0.34366531682565193,0.6684671176200506
1.881401401401401,1.0691597854819468,0.06431903973612652,0.353041660364399,0.5550143311775203,0.34256729262062474,0.6690104588947025
1.8841241241241238,1.0701201536202432,0.06582882778609933,0.3524046765202622,0.5540129333202262,0.3414701974765898,0.6695506465500839
1.8868468468468464,1.0710787829116675,0.06733588220703624,0.35176437505193725,0.5530063198490921,0.3403740522183788,0.6700876850013429
1.8895695695695693,1.0720356643232494,0.06884018879826748,0.35112075595942405,0.5519944907641179,0.3392788776522771,0.6706215787603264
1.892292292292292,1.0729907888220178,0.07034173335912208,0.35047381924272286,0.550977446065304,0.3381846945655069,0.6711523324351141
1.8950150150150147,1.0739441473750022,0.07184050168892986,0.34982356490183336,0.5499551857526497,0.3370915237257134,0.6716799507295484
1.8977377377377374,1.074895730949232,0.07333647958702116,0.34916999293675544,0.5489277098261551,0.3359993858804547,0.6722044384427577
1.9004604604604602,1.0758455305117358,0.07482965285272491,0.3485131033474894,0.5478950182858207,0.33490830175669895,0.6727258004686754
1.903183183183183,1.0767935370295434,0.07632000728537114,0.34785289613403514,0.546857111131646,0.3338182920603207,0.6732440417955561
1.9059059059059056,1.0777397414696837,0.07780752868428953,0.34718937129639293,0.5458139883636317,0.3327293774756066,0.6737591675054839
1.9086286286286283,1.078684134799186,0.07929220284880945,0.3465225288345623,0.5447656499817771,0.33164157866476185,0.6742711827738777
1.9113513513513511,1.0796267079850796,0.08077401557826114,0.3458523687485434,0.5437120959860823,0.3305549162674224,0.6747800928689919
1.9140740740740738,1.0805674519943942,0.08225295267197397,0.3451788910383362,0.5426533263765472,0.32946941090017157,0.6752859031514118
1.9167967967967965,1.0815063577941582,0.0837289999292774,0.34450209570394097,0.5415893411531724,0.32838508315606174,0.6757886190735438
1.9195195195195192,1.0824434163514014,0.08520214314950147,0.34382198274535763,0.5405201403159576,0.3273019536041373,0.6762882461791032
1.9222422422422418,1.0833786186331527,0.08667236813197565,0.34313855216258593,0.5394457238649026,0.3262200427889667,0.6767847901025942
1.9249649649649647,1.0843119556064413,0.08813966067602952,0.3424518039556261,0.5383660918000077,0.3251393712301752,0.6772782565687878
1.9276876876876874,1.085243418238297,0.08960400658099321,0.3417617381244779,0.5372812441212723,0.3240599594219834,0.6777686513921948
1.93041041041041,1.0861729974957484,0.09106539164619587,0.34106835466914165,0.5361911808286971,0.3229818278327515,0.6782559804765327
1.9331331331331327,1.0871006843458253,0.09252380167096819,0.3403716535896172,0.5350959019222821,0.32190499690452506,0.6787402498141907
1.9358558558558556,1.0880264697555566,0.09397922245463863,0.3396716348859044,0.5339954074020266,0.32082948705258985,0.6792214654856872
1.9385785785785783,1.0889503446919717,0.09543163979653768,0.3389682985580033,0.5328896972679308,0.3197553186650259,0.6796996336591259
1.941301301301301,1.0898723001220998,0.09688103949599458,0.338261644605914,0.5317787715199951,0.318682512102271,0.6801747605896454
1.9440240240240236,1.0907923270129696,0.0983274073523388,0.3375516730296368,0.5306626301582197,0.3176110876966861,0.6806468526188653
1.9467467467467465,1.091710416331611,0.0997707291649007,0.33683838382917136,0.5295412731826044,0.31654106575212465,0.6811159161743285
1.9494694694694692,1.092626559045053,0.10121099073300965,0.3361217770045175,0.5284147005931485,0.31547246654351024,0.6815819577689377
1.9521921921921919,1.0935407461203248,0.10264817785599512,0.33540185255567556,0.5272829123898528,0.3144053103164155,0.6820449840003889
1.9549149149149145,1.0944529685244557,0.10408227633318723,0.3346786104826452,0.5261459085727167,0.3133396172866468,0.6825050015506009
1.9576376376376374,1.0953632172244756,0.10551327196391602,0.3339520507854265,0.5250036891417403,0.3122754076398336,0.682962017185139
1.96036036036036,1.0962714831874125,0.10694115054750986,0.33322217346402017,0.5238562540969247,0.311212701531025,0.6834160377526364
1.9630830830830828,1.0971777573802963,0.10836589788329931,0.3324889785184252,0.5227036034382685,0.31015151908428534,0.6838670701842103
1.9658058058058054,1.098082030770156,0.10978749977061375,0.33175246594864216,0.5215457371657723,0.3090918803923006,0.6843151214928749
1.968528528528528,1.0989842943240213,0.11120594200878309,0.3310126357546708,0.5203826552794361,0.3080338055159855,0.6847601987729492
1.971251251251251,1.0998845390089214,0.11262121039713746,0.3302694879365112,0.5192143577792595,0.3069773144840986,0.6852023091994616
1.9739739739739737,1.1007827557918848,0.11403329073500557,0.32952302249416365,0.5180408446652434,0.30592242729286045,0.6856414600275496
1.9766966966966963,1.1016789356399412,0.11544216882171754,0.3287732394276277,0.516862115937387,0.30486916390557534,0.6860776585918575
1.979419419419419,1.10257306952012,0.11684783045660307,0.3280201387369036,0.5156781715956904,0.3038175442522611,0.6865109123059281
1.982142142142142,1.1034651483994502,0.11825026143899231,0.3272637204219911,0.5144890116401535,0.30276758822928107,0.6869412286615915
1.9848648648648646,1.104355163244961,0.11964944756821427,0.3265039844828905,0.5132946360707767,0.3017193156989833,0.6873686152283492
1.9875875875875872,1.105243105023682,0.12104537464359855,0.32574093091960193,0.5120950448875604,0.3006727464893426,0.6877930796527567
1.99031031031031,1.1061289647026422,0.12243802846447549,0.32497455973212486,0.5108902380905034,0.29962790039360787,0.6882146296577989
1.9930330330330328,1.1070127332488708,0.12382739483017446,0.32420487092045963,0.5096802156796064,0.2985847971699567,0.6886332730422647
1.9957557557557555,1.107894401629397,0.12521345954002494,0.32343186448460615,0.5084649776548693,0.29754345654115166,0.6890490176801162
1.9984784784784781,1.10877396081125,0.12659620839335672,0.3226555404245646,0.5072445240162923,0.29650389819420364,0.6894618715198548
2.001201201201201,1.1096514017614596,0.12797562718949995,0.3218758987403348,0.5060188547638752,0.2954661417800388,0.6898718425838839
2.0039239239239235,1.110526715447054,0.12935170172778332,0.3210929394319168,0.5047879698976181,0.2944302069131744,0.6902789389678671
2.0066466466466464,1.1113998928350632,0.1307244178075374,0.3203066624993105,0.5035518694175208,0.29339611317139214,0.6906831688400842
2.009369369369369,1.1122709248925164,0.13209376122809202,0.31951706794251583,0.5023105533235832,0.2923638800954242,0.6910845404407822
2.0120920920920917,1.113139802586443,0.13345971778877608,0.3187241557615332,0.5010640216158058,0.29133352718864075,0.6914830620815234
2.0148148148148146,1.114006516883871,0.13482227328891916,0.3179279259563626,0.49981227429418873,0.2903050739167431,0.6918787421445305
2.017537537537537,1.1148710587518313,0.13618141352785207,0.3171283785270034,0.49855531135873093,0.2892785397074593,0.6922715890820281
2.02026026026026,1.1157334191573525,0.1375371243049036,0.316325513473456,0.4972931328094332,0.288253943950251,0.6926616114155792
2.022982982982983,1.1165935890674634,0.1388893914194037,0.3155193307957205,0.49602573864629557,0.2872313059960197,0.693048817735421
2.0257057057057053,1.1174515594491936,0.14023820067068204,0.31470983049379664,0.49475312886931755,0.28621064515681993,0.6934332166997952
2.028428428428428,1.1183073212695724,0.14158353785806832,0.3138970125676849,0.49347530347850005,0.2851919807055782,0.6938148170342763
2.0311511511511506,1.1191608654956289,0.14292538878089167,0.3130808770173848,0.4921922624738422,0.2841753318758171,0.6941936275310953
2.0338738738738735,1.1200121830943925,0.144263739238483,0.3122614238428963,0.49090400585534405,0.28316071786138225,0.694569657048462
2.0365965965965964,1.1208612650328926,0.14559857503017148,0.31143865304421947,0.4896105336230056,0.282148157816178,0.694942914509882
2.039319319319319,1.1217081022781576,0.14692988195528578,0.3106125646213548,0.48831184577682757,0.28113767085390656,0.695313408903472
2.0420420420420418,1.1225526857972175,0.14825764581315692,0.30978315857430194,0.48700794231680966,0.28012927604780913,0.695681149281272
2.0447647647647647,1.1233950065571014,0.14958185240311406,0.3089504349030604,0.48569882324295083,0.2791229924304182,0.6960461447585531
2.047487487487487,1.1242350555248386,0.15090248752448654,0.3081143936076312,0.48438448855525285,0.2781188389933111,0.6964084045131231
2.05021021021021,1.125072823667458,0.15221953697660462,0.30727503468801354,0.48306493825371444,0.27711683468686865,0.6967679377846293
2.0529329329329324,1.1259083019519893,0.153532986558798,0.3064323581442075,0.48174017233833566,0.2761169984200407,0.697124753873858
2.0556556556556553,1.1267414813454615,0.15484282207039612,0.30558636397621364,0.4804101908091173,0.2751193490601158,0.6974788621420305
2.0583783783783782,1.1275723528149038,0.15614902931072838,0.30473705218403113,0.47907499366605827,0.2741239054324962,0.6978302720100968
2.0611011011011007,1.1284009073273453,0.1574515940791248,0.3038844227676607,0.4777345809091597,0.27313068632047743,0.6981789929580264
2.0638238238238236,1.1292271358498154,0.15875050217491515,0.30302847572710195,0.47638895253842084,0.27213971046503443,0.698525034524096
2.066546546546546,1.1300510293493433,0.16004573939742883,0.3021692110623551,0.4750381085538421,0.27115099656461145,0.6988684063041737
2.069269269269269,1.1308725787929585,0.16133729154599585,0.3013066287734201,0.4736820489554234,0.2701645632749178,0.699209117951002
2.071991991991992,1.13169177514769,0.16262514441994602,0.3004407288602963,0.47232077374316356,0.2691804292087289,0.6995471791734764
2.0747147147147142,1.132508609380567,0.16390928381860825,0.29957151132298504,0.4709542829170649,0.2681986129356925,0.6998825997359217
2.077437437437437,1.1333230724586185,0.1651896955413128,0.2986989761614853,0.4695825764771257,0.2672191329821388,0.7002153894573664
2.08016016016016,1.1341351553488743,0.16646636538738924,0.2978231233757973,0.46820565442334655,0.26624200783089713,0.7005455582108132
2.0828828828828825,1.1349448490183633,0.16773927915616738,0.29694395296592124,0.4668235167557274,0.2652672559211181,0.7008731159225077
2.0856056056056054,1.135752144434115,0.1690084226469768,0.29606146493185653,0.4654361634742676,0.2642948956480994,0.7011980725712041
2.088328328328328,1.1365570325631582,0.1702737816591473,0.295175659273604,0.4640435945789682,0.26332494536311807,0.7015204381874283
2.0910510510510507,1.1373595043725224,0.17153534199200826,0.2942865359911631,0.4626458100698286,0.262357423373267,0.7018402228527378
2.0937737737737736,1.138159550829237,0.1727930894448897,0.29339409508453407,0.461242809946849,0.2613923479412968,0.7021574366989816
2.096496496496496,1.1389571629003306,0.17404700981712073,0.29249833655371715,0.45983459421002987,0.2604297372854643,0.7024720899075532
2.099219219219219,1.1397523315528335,0.17529708890803208,0.29159926039871154,0.45842116285936985,0.259469609579382,0.7027841927086462
2.1019419419419414,1.1405450477537742,0.17654331251695243,0.2906968666195178,0.4570025158948699,0.2585119829518795,0.7030937553805027
2.1046646646646643,1.1413353024701818,0.17778566644321203,0.2897911552161358,0.45557865331652986,0.2575568754868629,0.7034007882486628
2.107387387387387,1.142123086669086,0.17902413648614046,0.2888821261885657,0.4541495751243499,0.25660430522318345,0.7037053016852101
2.1101101101101096,1.1429083913175158,0.1802587084450673,0.28796977953680747,0.45271528131832994,0.25565429015451063,0.704007306108015
2.1128328328328325,1.1436912073825005,0.18148936811932237,0.2870541152608609,0.4512757718984698,0.2547068482292101,0.7043068119799756
2.1155555555555554,1.1444715258310691,0.1827161013082348,0.28613513336072616,0.4498310468647696,0.2537619973502264,0.7046038298082571
2.118278278278278,1.145249337630251,0.18393889381113504,0.2852128338364032,0.4483811062172293,0.2528197553749708,0.7048983701435275
2.1210010010010008,1.1460246337470759,0.1851577314273527,0.2842872166878919,0.4469259499558488,0.25188014011521453,0.705190443579193
2.123723723723723,1.146797405148572,0.18637259995621647,0.28335828191519286,0.44546557808062887,0.25094316933698846,0.7054800607506286
2.126446446446446,1.1475676428017698,0.18758348519705748,0.2824260295183052,0.44399999059156825,0.2500088607604832,0.7057672323344096
2.129169169169169,1.1483353376736978,0.18879037294920464,0.2814904594972293,0.44252918748866754,0.24907723205996096,0.7060519690475378
2.1318918918918914,1.1491004807313852,0.18999324901198755,0.2805515718519652,0.44105316877192685,0.24814830086366696,0.7063342816466679
2.1346146146146143,1.1498630629418614,0.19119209918473623,0.27960936658251295,0.439571934441346,0.2472220847537478,0.7066141809273314
2.1373373373373368,1.1506230752721553,0.19238690926677982,0.2786638436888728,0.43808548449692575,0.24629860126617575,0.7068916777231566
2.1400600600600597,1.151380508689297,0.193577665057449,0.2777150031710441,0.4365938189386647,0.2453778678906757,0.7071667829050903
2.1427827827827826,1.1521353541603148,0.1947643523560727,0.2767628450290271,0.4350969377665636,0.24445990207066082,0.7074395073806119
2.145505505505505,1.1528876026522383,0.19594695696198028,0.2758073692628221,0.43359484098062273,0.24354472120316878,0.7077098620929518
2.148228228228228,1.153637245132097,0.19712546467450243,0.27484857587242867,0.4320875285808413,0.24263234263880556,0.7079778580203038
2.150950950950951,1.15438427256692,0.19829986129296806,0.2738864648578472,0.43057500056722026,0.24172278368169492,0.7082435061750351
2.1536736736736732,1.1551286759237362,0.1994701326167072,0.2729210362190776,0.4290572569397592,0.24081606158943025,0.7085068176028981
2.156396396396396,1.1558704461695752,0.20063626444504923,0.2719522899561196,0.4275342976984579,0.23991219357303317,0.7087678033822368
2.1591191191191186,1.156609574271466,0.20179824257732393,0.27098022606897343,0.42600612284331646,0.23901119679691665,0.7090264746231927
2.1618418418418415,1.1573460511964377,0.20295605281286133,0.2700048445576391,0.4244727323743351,0.2381130883788525,0.709282842466909
2.1645645645645644,1.1580798679115205,0.20410968095099125,0.26902614542211634,0.4229341262915132,0.23721788538994404,0.7095369180847327
2.167287287287287,1.1588110153837423,0.20525911279104192,0.2680441286624059,0.42139030459485216,0.23632560485460588,0.7097887126774148
2.1700100100100097,1.159539484580133,0.20640433413234494,0.2670587942785069,0.41984126728435045,0.2354362637505422,0.710038237474309
2.1727327327327326,1.1602652664677222,0.2075453307742292,0.2660701422704195,0.4182870143600083,0.23454987900873742,0.7102855037325694
2.175455455455455,1.1609883520135384,0.20868208851602388,0.2650781726381442,0.4167275458218268,0.23366646751344788,0.7105305227363434
2.178178178178178,1.1617087321846111,0.2098145931570592,0.26408288538168084,0.41516286166980526,0.23278604610219703,0.710773305795968
2.1809009009009004,1.1624263979479699,0.21094283049666518,0.26308428050102883,0.41359296190394307,0.23190863156577768,0.7110138642471597
2.1836236236236233,1.1631413402706436,0.21206678633417075,0.26208235799618873,0.4120178465242409,0.23103424064825961,0.7112522094502054
2.186346346346346,1.1638535501196614,0.21318644646890594,0.2610771178671605,0.4104375155306989,0.23016289004699916,0.7114883527891507
2.1890690690690686,1.164563018462053,0.21430179670020055,0.2600685601139439,0.40885196892331654,0.2292945964126547,0.7117223056709874
2.1917917917917915,1.1652697362648472,0.21541282282738394,0.2590566847365394,0.40726120670209465,0.2284293763492088,0.711954079524838
2.194514514514514,1.1659736944950736,0.21651951064978636,0.25804149173494634,0.40566522886703205,0.227567246413991,0.7121836858011406
2.197237237237237,1.1666748841197612,0.21762184596673695,0.2570229811091653,0.4040640354181297,0.22670822311770966,0.7124111359708303
2.1999599599599597,1.167373296105939,0.2187198145775655,0.25600115285919595,0.40245762635538723,0.22585232292448484,0.7126364415245204
2.202682682682682,1.1680689214206368,0.21981340228160184,0.2549760069850384,0.40084600167880463,0.22499956225188725,0.7128596139716823
2.205405405405405,1.1687617510308832,0.22090259487817554,0.2539475434866929,0.3992291613883824,0.22414995747098249,0.713080664839822
2.208128128128128,1.1694517759037084,0.22198737816661662,0.25291576236415847,0.397607105484119,0.2233035249063773,0.7132996056736586
2.2108508508508504,1.1701389870061403,0.22306773794625379,0.2518806636174367,0.3959798339660168,0.22246028083627545,0.7135164480342967
2.2135735735735733,1.170823375305209,0.22414366001641817,0.2508422472465262,0.3943473468340738,0.2216202414925297,0.7137312034984027
2.2162962962962958,1.1715049317679438,0.22521513017643802,0.24980051325142769,0.39270964408829095,0.22078342306070783,0.7139438836573752
2.2190190190190187,1.172183647361374,0.22628213422564447,0.2487554616321409,0.3910667257286681,0.21994984168015505,0.7141545001165166
2.2217417417417415,1.1728595130525283,0.22734465796336623,0.24770709238866567,0.3894185917552047,0.21911951344406744,0.7143630644942025
2.224464464464464,1.173532519808436,0.22840268718893286,0.24665540552100257,0.38776524216790176,0.2182924543995637,0.71456958842105
2.227187187187187,1.1742026585961267,0.22945620770167463,0.2456004010291511,0.38610667696675854,0.21746868054776525,0.7147740835390848
2.2299099099099093,1.1748699203826294,0.23050520530092067,0.24454207891311153,0.3844428961517754,0.2166482078438798,0.7149765615009065
2.2326326326326322,1.1755342961349737,0.23154966578600145,0.24348043917288378,0.3827738997229523,0.21583105219728801,0.7151770339688531
2.235355355355355,1.1761957768201885,0.2325895749562461,0.24241548180846723,0.38109968768028807,0.21501722947163693,0.7153755126141644
2.2380780780780776,1.1768543534053029,0.233624918610984,0.2413472068198633,0.37942026002378515,0.21420675548493462,0.7155720091161434
2.2408008008008005,1.1775100168573465,0.23465568254954516,0.24027561420707072,0.3777356167534415,0.21339964600965045,0.7157665351613176
2.2435235235235234,1.178162758143348,0.2356818525712594,0.23920070397009008,0.3760457578692579,0.21259591677282053,0.7159591024425978
2.246246246246246,1.1788125682303374,0.23670341447545673,0.23812247610892126,0.3743506833712344,0.211795583456155,0.7161497226584372
2.2489689689689687,1.1794594380853431,0.23772035406146608,0.23704093062356385,0.3726503932593702,0.21099866169615267,0.7163384075119882
2.251691691691691,1.1801033586753955,0.2387326571286177,0.2359560675140186,0.37094488753366656,0.21020516708421497,0.7165251687102581
2.254414414414414,1.1807443209675226,0.23974030947624114,0.23486788678028497,0.36923416619412247,0.2094151151667701,0.7167100179632643
2.257137137137137,1.1813823159287542,0.24074329690366558,0.2337763884223632,0.3675182292407385,0.20862852144539523,0.7168929669831883
2.2598598598598594,1.1820173345261193,0.24174160521022103,0.23268157244025356,0.365797076673515,0.2078454013769464,0.7170740274835281
2.2625825825825823,1.1826493677266476,0.24273522019523752,0.2315834388339551,0.3640707084924504,0.20706577037369095,0.7172532111782499
2.265305305305305,1.1832784064973683,0.24372412765804485,0.23048198760346875,0.36233912469754626,0.20628964380344456,0.7174305297809381
2.2680280280280276,1.1839044418053102,0.24470831339797217,0.22937721874879402,0.3606023252888019,0.20551703698971227,0.7176059950039457
2.2707507507507505,1.1845274646175026,0.24568776321434904,0.2282691322699312,0.3588603102662175,0.20474796521183192,0.717779618557542
2.273473473473473,1.1851474659009749,0.2466624629065053,0.22715772816688048,0.3571130796297936,0.20398244370512264,0.7179514121490604
2.276196196196196,1.1857644366227564,0.24763239827377115,0.2260430064396412,0.355360633379529,0.20322048766103679,0.7181213874820445
2.2789189189189187,1.1863783677498763,0.2485975551154762,0.2249249670882135,0.3536029715154241,0.20246211222731636,0.7182895562553933
2.281641641641641,1.1869892502493635,0.24955791923094894,0.22380361011259794,0.3518400940374796,0.20170733250815231,0.718455930162506
2.284364364364364,1.187597075088248,0.25051347641952093,0.2226789355127938,0.3500720009456945,0.20095616356434584,0.7186205208904258
2.2870870870870865,1.188201833233558,0.25146421248052,0.221550943288802,0.3482986922400702,0.20020862041347898,0.7187833401189808
2.2898098098098094,1.1888035156523233,0.25241011321327655,0.22041963344062182,0.3465201679206056,0.19946471803008037,0.7189443995199274
2.2925325325325323,1.1894021133115737,0.25335116441712136,0.2192850059682531,0.34473642798730025,0.19872447134580146,0.7191037107560894
2.2952552552552548,1.1899976171783373,0.2542873518913824,0.21814706087169644,0.34294747244015544,0.1979878952495958,0.7192612854804978
2.2979779779779776,1.1905900182196445,0.25521866143539085,0.21700579815095145,0.34115330127917026,0.19725500458789505,0.7194171353355308
2.3007007007007005,1.1911793074025239,0.25614507884847537,0.21586121780601808,0.33935391450434477,0.19652581416479836,0.7195712719520491
2.303423423423423,1.1917654756940046,0.2570665899299662,0.2147133198368969,0.3375493121156798,0.19580033874225672,0.7197237069485352
2.306146146146146,1.1923485140611159,0.2579831804791921,0.2135621042435873,0.3357394941131745,0.19507859304026548,0.7198744519302278
2.3088688688688683,1.192928413470887,0.2588948362954837,0.21240757102608956,0.3339244604968292,0.19436059173705766,0.720023518488258
2.311591591591591,1.193505164890348,0.25980154317817106,0.21124972018440327,0.3321042112666433,0.19364634946930193,0.7201709181987825
2.314314314314314,1.1940787592865267,0.2607032869265824,0.21008855171852903,0.3302787464226178,0.19293588083230565,0.7203166626221169
2.3170370370370366,1.1946491876264536,0.26160005334004865,0.20892406562846672,0.3284480659647524,0.1922292003802143,0.7204607633018694
2.3197597597597595,1.1952164408771568,0.2624918282178985,0.2077562619142163,0.3266121698930471,0.19152632262622354,0.7206032317640709
2.322482482482482,1.1957805100056664,0.26337859735946245,0.20658514057577754,0.3247710582075014,0.19082726204278566,0.720744079516307
2.325205205205205,1.1963413859790117,0.2642603465640705,0.2054107016131501,0.32292473090811513,0.19013203306182477,0.720883318046847
2.3279279279279277,1.1968990597642213,0.2651370616310511,0.20423294502633485,0.3210731879948892,0.1894406500749542,0.7210209588237735
2.33065065065065,1.1974535223283254,0.26600872835973544,0.20305187081533144,0.3192164294678234,0.18875312743369232,0.7211570132941105
2.333373373373373,1.1980047646383518,0.2668753325494515,0.20186747898013968,0.3173544553269173,0.18806947944968955,0.7212914928829506
2.336096096096096,1.1985527776613307,0.26773685999953023,0.2006797695207598,0.31548726557217127,0.18738972039494856,0.7214244089925821
2.3388188188188184,1.1990975523642913,0.26859329650930075,0.19948874243719156,0.3136148602035849,0.1867138645020554,0.7215557730016149
2.3415415415415413,1.1996390797142626,0.26944462787809287,0.1982943977294352,0.31173723922115865,0.18604192596440947,0.7216855962641046
2.3442642642642637,1.200177350678274,0.2702908399052364,0.19709673539749098,0.30985440262489283,0.18537391893645655,0.7218138901086776
2.3469869869869866,1.2007123562233546,0.2711319183900609,0.19589575544135815,0.3079663504147863,0.18470985753392558,0.7219406658376541
2.3497097097097095,1.2012440873165344,0.27196784913189664,0.19469145786103695,0.3060730825908395,0.18404975583406596,0.7220659347261711
2.352432432432432,1.2017725349248414,0.27279861793007254,0.19348384265652763,0.3041745991530527,0.18339362787589247,0.7221897080213033
2.355155155155155,1.2022976900153055,0.27362421058391817,0.19227290982783043,0.3022709001014265,0.18274148766042486,0.7223119969411853
2.3578778778778773,1.2028195435549556,0.27444461289276356,0.19105865937494484,0.3003619854359599,0.18209334915093708,0.7224328126741312
2.3606006006006,1.203338086510821,0.2752598106559381,0.1898410912978712,0.29844785515665334,0.18144922627320528,0.7225521663777539
2.363323323323323,1.2038533098499316,0.2760697896727724,0.18862020559660891,0.2965285092635061,0.18080913291575829,0.7226700691780845
2.3660460460460455,1.2043652045393158,0.276874535742595,0.18739600227115877,0.2946039477565194,0.18017308293013393,0.7227865321686895
2.3687687687687684,1.2048737615460032,0.2776740346647364,0.18616848132152047,0.29267417063569273,0.17954109013113193,0.7229015664097882
2.3714914914914913,1.2053789718370236,0.2784682722385261,0.18493764274769336,0.29073917790102494,0.17891316829707324,0.7230151829273694
2.3742142142142137,1.205880826379405,0.2792572342632933,0.18370348654967883,0.2887989695525184,0.17828933117006213,0.7231273927123059
2.3769369369369366,1.2063793161401777,0.28004090653836866,0.18246601272747548,0.2868535455901708,0.17766959245624495,0.7232382067194707
2.379659659659659,1.2068744320863702,0.28081927486308067,0.18122522128108426,0.28490290601398366,0.177053965826079,0.7233476358668504
2.382382382382382,1.2073661651850123,0.2815923250367598,0.1799811122105049,0.28294705082395655,0.1764424649145957,0.7234556910346578
2.385105105105105,1.207854506403133,0.2823600428587356,0.17873368551573668,0.2809859800200884,0.17583510332167124,0.723562383064446
2.3878278278278273,1.2083394467077615,0.2831224141283375,0.1774829411967811,0.2790196936023815,0.17523189461229682,0.7236677227582181
2.39055055055055,1.2088209770659268,0.283879424644895,0.1762288792536369,0.2770481915708338,0.17463285231685086,0.7237717208775399
2.393273273273273,1.2092990884446588,0.2846310602077391,0.17497149968630432,0.2750714739254459,0.17403798993137237,0.7238743881426493
2.3959959959959956,1.2097737718109862,0.28537730661619776,0.17371080249478413,0.2730895406662188,0.17344732091783976,0.723975735231565
2.3987187187187184,1.2102450181319386,0.2861181496696017,0.17244678767907484,0.27110239179315027,0.1728608587044452,0.7240757727791967
2.401441441441441,1.2107128183745446,0.2868535751672803,0.17117945523917816,0.26911002730624295,0.17227861668587713,0.7241745113764513
2.404164164164164,1.2111771635058342,0.2875835689085633,0.1699088051750929,0.26711244720549493,0.1717006082235984,0.7242719615693407
2.4068868868868867,1.2116380444928363,0.2883081166927808,0.16863483748681923,0.2651096514909066,0.17112684664613126,0.7243681338580885
2.409609609609609,1.21209545230258,0.28902720431926143,0.167357552174358,0.2631016401624791,0.1705573452493409,0.7244630386962341
2.412332332332332,1.212549377902095,0.28974081758733616,0.1660769492377076,0.26108841322021015,0.16999211729671918,0.7245566864897386
2.4150550550550545,1.2129998122584094,0.290448942296333,0.1647930286768701,0.2590699706641028,0.16943117601967533,0.7246490875960876
2.4177777777777774,1.2134467463385543,0.29115156424558375,0.1635057904918435,0.257046312494154,0.16887453461781796,0.7247402523233957
2.4205005005005003,1.2138901711095573,0.29184866923441644,0.16221523468262902,0.2550174387103657,0.1683222062592525,0.7248301909295065
2.4232232232232227,1.214330077538448,0.2925402430621611,0.16092136124922665,0.2529833493127378,0.1677742040808653,0.7249189136210965
2.4259459459459456,1.2147664565922565,0.2932262715281482,0.15962417019163522,0.25094404430126843,0.16723054118861744,0.7250064305527735
2.4286686686686685,1.215199299238011,0.2939067404317064,0.15832366150985638,0.2488995236759603,0.1666912306578398,0.7250927518261779
2.431391391391391,1.2156285964427413,0.2945816355721662,0.15701983520388893,0.2468497874368115,0.16615628553352355,0.7251778874890809
2.434114114114114,1.2160543391734764,0.29525094274885677,0.15571269127373338,0.24479483558382276,0.16562571883061777,0.7252618475344825
2.4368368368368363,1.2164765183972457,0.2959146477611081,0.1544022297193897,0.24273466811699407,0.16509954353432316,0.725344641899709
2.439559559559559,1.2168951250810784,0.29657273640824955,0.1530884505408574,0.24066928503632473,0.16457777260039014,0.7254262804655097
2.442282282282282,1.2173101501920034,0.29722519448961093,0.1517713537381375,0.2385986863418162,0.16406041895541562,0.7255067730551515
2.4450050050050045,1.2177215846970504,0.29787200780452205,0.150450939311229,0.23652287203346697,0.16354749549714057,0.7255861294335149
2.4477277277277274,1.2181294195632484,0.29851316215231205,0.14912720726013257,0.23444184211127822,0.1630390150947499,0.725664359306186
2.45045045045045,1.2185336457576268,0.29914864333231184,0.1478001575848478,0.23235559657524915,0.16253499058917034,0.7257414723185516
2.4531731731731727,1.2189342542472148,0.2997784371438501,0.1464697902853747,0.2302641354253798,0.16203543479337199,0.7258174780548894
2.4558958958958956,1.2193312359990414,0.30040252938625667,0.14513610536171345,0.2281674586616705,0.16154036049266743,0.7258923860374596
2.458618618618618,1.2197245819801363,0.30102090585886154,0.14379910281386385,0.2260655662841209,0.16104978044501211,0.7259662057255963
2.461341341341341,1.2201142831575278,0.30163355236099343,0.14245878264182638,0.22395845829273173,0.16056370738130757,0.726038946514795
2.464064064064064,1.2205003304982467,0.30224045469198413,0.14111514484560003,0.2218461346875015,0.16008215400569797,0.7261106177358022
2.4667867867867863,1.2208827149693207,0.3028415986511608,0.13976818942518632,0.2197285954684325,0.1596051329958788,0.7261812286537026
2.469509509509509,1.2212614275377796,0.3034369700378545,0.138417916380584,0.21760584063552282,0.1591326570033913,0.7262507884670053
2.4722322322322317,1.221636459170653,0.30402655465139494,0.13706432571179358,0.21547787018877318,0.15866473865392788,0.7263193063067299
2.4749549549549545,1.2220078008349695,0.30461033829111117,0.13570741741881476,0.21334468412818325,0.15820139054763416,0.7263867912354909
2.4776776776776774,1.2223754434977592,0.3051883067563339,0.1343471915016476,0.21120628245375303,0.1577426252594077,0.7264532522465812
2.4804004004004,1.2227393781260503,0.3057604458463916,0.1329836479602928,0.20906266516548364,0.1572884553392034,0.7265186982630547
2.4831231231231228,1.2230995956868733,0.30632674136061566,0.13161678679474917,0.20691383226337312,0.15683889331233006,0.7265831381368084
2.4858458458458452,1.2234560871472562,0.30688717909833363,0.13024660800501764,0.20475978374742312,0.15639395167975684,0.726646580647663
2.488568568568568,1.2238088434742285,0.3074417448588762,0.12887311159109774,0.20260051961763276,0.15595364291840877,0.7267090345024416
2.491291291291291,1.22415785563482,0.3079904244415739,0.12749629755298952,0.20043603987400216,0.15551797948146884,0.7267705083340505
2.4940140140140135,1.2245031145960594,0.30853320364575465,0.12611616589069363,0.19826634451653236,0.15508697379867972,0.7268310107005542
2.4967367367367364,1.2248446113249762,0.30907006827074945,0.12473271660420913,0.19609143354522188,0.15466063827663945,0.726890550084254
2.4994594594594592,1.2251823367885997,0.30960100411588787,0.12334594969353631,0.19391130696007106,0.1542389852991022,0.7269491348907623
2.5021821821821817,1.2255162819539587,0.3101259969804988,0.1219558651586756,0.1917259647610807,0.153822027227276,0.7270067734480778
2.5049049049049046,1.2258464377880829,0.3106450326639125,0.12056246299962649,0.18953540694825005,0.15340977640011827,0.7270634740056584
2.507627627627627,1.2261727952580013,0.3111580969654586,0.11916574321638954,0.18733963352157987,0.15300224513463362,0.7271192447334938
2.51035035035035,1.2264953453307434,0.3116651756844673,0.11776570580896399,0.18513864448106898,0.15259944572616785,0.7271740937211761
2.513073073073073,1.2268140789733382,0.31216625462026704,0.1163623507773503,0.18293243982671817,0.15220139044870407,0.7272280289769708
2.5157957957957953,1.227128987152815,0.312661319572189,0.11495567812154824,0.18072101955852704,0.15180809155515312,0.7272810584268845
2.518518518518518,1.2274400608362033,0.3131503563395621,0.11354568784155784,0.1785043836764956,0.15141956127764822,0.727333189913734
2.521241241241241,1.2277472909905316,0.3136333507217157,0.11213237993737957,0.17628253218062465,0.1510358118278349,0.7273844311962114
2.5239639639639635,1.2280506685828296,0.3141102885179794,0.1107157544090134,0.17405546507091413,0.1506568553971597,0.7274347899479513
2.5266866866866864,1.228350184580127,0.3145811555276843,0.1092958112564584,0.17182318234736252,0.15028270415715855,0.7274842737565936
2.529409409409409,1.2286458299494525,0.31504593755015864,0.10787255047971527,0.169585684009971,0.14991337025974544,0.7275328901228475
2.5321321321321317,1.228937595657835,0.31550462038473226,0.10644597207878452,0.16734297005874033,0.14954886583749558,0.7275806464595526
2.5348548548548546,1.2292254726723044,0.3159571898307352,0.10501607605366466,0.1650950404936682,0.14918920300392877,0.7276275500907401
2.537577577577577,1.2295094519598901,0.31640363168749763,0.10358286240435718,0.1628418953147569,0.1488343938537924,0.727673608250692
2.5403003003003,1.2297895244876202,0.3168439317543481,0.10214633113086134,0.1605835345220053,0.1484844504633428,0.7277188280829997
2.5430230230230224,1.230065681222525,0.31727807583061685,0.10070648223317738,0.15831995811541377,0.14813938489061984,0.72776321663962
2.5457457457457453,1.2303379131316334,0.3177060497156339,0.0992633157113053,0.1560511660949823,0.14779920917572667,0.7278067808799316
2.548468468468468,1.2306062111819747,0.31812783920872834,0.09781683156524461,0.15377715846071013,0.14746393534110308,0.7278495276697886
2.5511911911911906,1.2308705663405781,0.3185434301092307,0.09636702979499603,0.15149793521259847,0.14713357539179717,0.7278914637805747
2.5539139139139135,1.2311309695744725,0.31895280821646943,0.09491391040055912,0.14921349635064643,0.14680814131573725,0.7279325958882534
2.5566366366366364,1.231387411850688,0.31935595932977545,0.09345747338193382,0.14692384187485413,0.1464876450839968,0.7279729305724196
2.559359359359359,1.231639884136253,0.3197528692484777,0.09199771873912091,0.14462897178522266,0.14617209865106381,0.7280124743153482
2.5620820820820818,1.2318883773981972,0.32014352377190614,0.0905346464721189,0.14232888608174973,0.14586151395510086,0.7280512335010418
2.564804804804804,1.2321328826035494,0.3205279086993902,0.0890682565809295,0.14002358476443802,0.14555590291820786,0.7280892144142765
2.567527527527527,1.2323733907193393,0.32090600983025963,0.08759854906555149,0.13771306783328563,0.14525527744667854,0.7281264232396476
2.57025025025025,1.2326098927125955,0.32127781296384406,0.08612552392598537,0.13539733528829329,0.14495964943125786,0.7281628660606128
2.5729729729729724,1.2328423795503483,0.32164330389947393,0.08464918116223112,0.13307638712946104,0.14466903074739218,0.7281985488585341
2.5756956956956953,1.233070842199626,0.32200246843647795,0.08316952077428827,0.1307502233567881,0.1443834332554827,0.7282334775117183
2.578418418418418,1.2332952716274583,0.32235529237418614,0.0816865427621578,0.12841884397027598,0.1441028688011291,0.7282676577944571
2.5811411411411407,1.2335156588008744,0.32270176151192875,0.08020024712583845,0.12608224896992282,0.14382734921537552,0.7283010953760636
2.5838638638638636,1.2337319946869032,0.3230418616490345,0.07871063386533125,0.12374043835573009,0.1435568863149516,0.7283337958199092
2.586586586586586,1.233944270252574,0.32337557858483335,0.07721770298063618,0.12139341212769782,0.14329149190250892,0.7283657645824588
2.589309309309309,1.2341524764649168,0.3237028981186558,0.07572145447175199,0.11904117028582409,0.1430311777668559,0.7283970070123031
2.592032032032032,1.2343566042909595,0.32402380604983017,0.07422188833868044,0.1166837128301116,0.14277595568319137,0.7284275283491912
2.5947547547547543,1.2345566446977323,0.32433828817768684,0.07271900458142051,0.1143210397605588,0.14252583741332836,0.7284573337230604
2.597477477477477,1.2347525886522646,0.3246463303015561,0.07121280319997197,0.11195315107716527,0.1422808347059208,0.728486428153065
2.6002002002001996,1.2349444271215848,0.32494791822076685,0.06970328419433582,0.10958004677993262,0.14204095929668492,0.7285148165466029
2.6029229229229225,1.2351321510727225,0.32524303773464847,0.06819044756451081,0.10720172686885887,0.1418062229086142,0.7285425036983424
2.6056456456456454,1.2353157514727078,0.3255316746425321,0.06667429331049793,0.1048181913439456,0.14157663725219222,0.728569494289245
2.608368368368368,1.2354952192885684,0.3258138147437455,0.06515482143229692,0.10242944020519239,0.14135221402560594,0.7285957928855881
2.6110910910910907,1.2356705454873347,0.32608944383762006,0.06363203192990756,0.10003547345259887,0.14113296491494515,0.7286214039379859
2.613813813813813,1.2358417210360355,0.3263585477234845,0.062105924803330076,0.09763629108616544,0.14091890159440854,0.7286463317804082
2.616536536536536,1.2360087369016997,0.32662111220066836,0.060576500052564465,0.09523189310589206,0.14071003572649868,0.7286705806291984
2.619259259259259,1.2361715840513572,0.3268771230685017,0.0590437576776105,0.09282227951177838,0.14050637896221413,0.7286941545820889
2.6219819819819814,1.2363302534520368,0.32712656612631474,0.057507697678468174,0.0904074503038244,0.14030794294123977,0.7287170576172151
2.6247047047047043,1.2364847360707683,0.32736942717343664,0.055968320055137716,0.08798740548203048,0.14011473929212967,0.7287392935921287
2.627427427427427,1.2366350228745804,0.327605692009197,0.054425624807618915,0.08556214504639625,0.13992677963248737,0.7287608662428076
2.6301501501501496,1.2367811048305022,0.32783534643292533,0.05287961193591247,0.08313166899692287,0.13974407556914023,0.728781779182665
2.6328728728728725,1.2369229729055635,0.32805837624395173,0.051330281440017174,0.0806959773336084,0.1395666386983091,0.7288020359015578
2.635595595595595,1.237060618066793,0.32827476724160576,0.04977763331993401,0.07825507005645442,0.13939448060577517,0.7288216397647909
2.638318318318318,1.2371940312812204,0.328484505225217,0.04822166757566248,0.0758089471654601,0.13922761286703858,0.7288405940121223
2.6410410410410408,1.2373232035158748,0.32868757599411524,0.04666238420720259,0.07335760866062548,0.13906604704747558,0.7288589017567642
2.643763763763763,1.237448125737785,0.3288839653476301,0.045099783214555066,0.0709010545419517,0.13890979470248802,0.728876565984384
2.646486486486486,1.2375687889139804,0.3290736590850909,0.04353386459771894,0.06843928480943723,0.13875886737764823,0.728893589552103
2.649209209209209,1.2376851840114909,0.32925664300582813,0.04196462835669445,0.06597229946308245,0.1386132766088382,0.728909975187493
2.6519319319319314,1.237797301997345,0.32943290290917093,0.040392074491482084,0.06350009850288812,0.13847303392238647,0.728925725487571
2.6546546546546543,1.2379051338385723,0.32960242459444955,0.03881620300208111,0.0610226819288531,0.13833815083519393,0.728940842917793
2.657377377377377,1.238008670502202,0.3297651938609927,0.03723701388849251,0.05854004974097893,0.13820863885485946,0.7289553298110455
2.6601001001000997,1.238107902955263,0.32992119650813057,0.035654507150715296,0.05605220193926406,0.13808450947979606,0.7289691883666343
2.6628228228228226,1.2382028221647852,0.33007041833519346,0.03406868278874973,0.05355913852370888,0.1379657741993425,0.7289824206492728
2.665545545545545,1.2382934190977972,0.33021284514150984,0.032479540802596275,0.05106085949431416,0.13785244449387082,0.7289950285880684
2.668268268268268,1.2383796847213286,0.3303484627264106,0.030887081192254223,0.04855736485107875,0.13774453183488364,0.7290070139755054
2.6709909909909904,1.2384616100024084,0.33047725688922425,0.029291303957724543,0.046048654594004174,0.1376420476851104,0.729018378466428
2.6737137137137132,1.238539185908066,0.33059921342928145,0.027692209099006253,0.04353472872308891,0.13754500349859217,0.7290291235770208
2.676436436436436,1.2386124034053303,0.3307143181459111,0.026089796616099843,0.04101558723833371,0.13745341072076553,0.7290392506837864
2.6791591591591586,1.2386812534612317,0.33082255683844397,0.02448406650900507,0.038491230139738215,0.13736728078853366,0.7290487610225229
2.6818818818818815,1.2387457270427977,0.33092391530620846,0.022875018777722182,0.035961657427302784,0.1372866251303396,0.729057655687298
2.6846046046046044,1.2388058151170587,0.33101837934853484,0.02126265342225117,0.03342686910102743,0.1372114551662221,0.729065935629422
2.687327327327327,1.238861508651044,0.33110593476475336,0.019646970442592046,0.030886865160912155,0.1371417823078735,0.729073601656419
2.6900500500500497,1.2389127986117818,0.3311865673541927,0.018027969838744558,0.028341645606956564,0.13707761795868836,0.7290806544309949
2.692772772772772,1.2389596759663029,0.3312602629161836,0.016405651610708703,0.025791210439160665,0.13701897351380066,0.7290870944700059
2.695495495495495,1.239002131681635,0.3313270072500547,0.014780015758484734,0.02323555965752484,0.13696586036012223,0.7290929221434221
2.698218218218218,1.239040156724808,0.33138678615513606,0.013151062282072645,0.02067469326204909,0.13691828987636556,0.7290981376732923
2.7009409409409404,1.2390737420628515,0.3314395854307579,0.011518791181472438,0.018108611252733414,0.1368762734330639,0.7291027411327042
2.7036636636636633,1.239102878662794,0.33148539087624895,0.009883202456683867,0.015537313629577429,0.13683982239258546,0.7291067324447442
2.7063863863863857,1.2391275574916651,0.33152418829093944,0.008244296107707176,0.012960800392581517,0.13680894810913444,0.7291101113814545
2.7091091091091086,1.2391477695164943,0.3315559634741594,0.00660207213454237,0.010379071541745681,0.13678366192874952,0.7291128775627895
2.7118318318318315,1.2391635057043107,0.33158070222523794,0.00495653053718871,0.007792127077068763,0.13676397518929284,0.7291150304555686
2.714554554554554,1.239174757022143,0.3315983903435049,0.0033076713156476663,0.0051999669985530765,0.13674989922043088,0.7291165693724277
2.717277277277277,1.2391815144370208,0.33160901362828965,0.0016554944699180146,0.0026025913061966935,0.13674144534360685,0.7291174934707702
2.7199999999999998,1.239183768915974,0.33161255787892263,0.0,0.0,0.13673862487200586,0.729117801751713
